Date,Close/Last,Volume,Open,High,Low
08/22/2022,$ 167.57,69026810,$ 169.69,$ 169.86,$ 167.14
08/19/2022,$ 171.52,70346300,$ 173.03,$ 173.74,$ 171.31
08/18/2022,$ 174.15,62290080,$ 173.75,$ 174.90,$ 173.12
08/17/2022,$ 174.55,79542040,$ 172.77,$ 176.15,$ 172.57
08/16/2022,$ 173.03,56377050,$ 172.78,$ 173.71,$ 171.66
08/15/2022,$ 173.19,54091690,$ 171.52,$ 173.39,$ 171.35
08/12/2022,$ 172.10,68039380,$ 169.82,$ 172.17,$ 169.40
08/11/2022,$ 168.49,57149160,$ 170.06,$ 170.99,$ 168.19
08/10/2022,$ 169.24,70170540,$ 167.68,$ 169.34,$ 166.90
08/09/2022,$ 164.92,63135500,$ 164.02,$ 165.82,$ 163.25
08/08/2022,$ 164.87,60362340,$ 166.37,$ 167.81,$ 164.20
08/05/2022,$ 165.35,56696990,$ 163.21,$ 165.85,$ 163.00
08/04/2022,$ 165.81,55474140,$ 166.01,$ 167.19,$ 164.43
08/03/2022,$ 166.13,82507490,$ 160.84,$ 166.59,$ 160.75
08/02/2022,$ 160.01,59907030,$ 160.10,$ 162.41,$ 159.63
08/01/2022,$ 161.51,67829380,$ 161.01,$ 163.59,$ 160.89
07/29/2022,$ 162.51,101786900,$ 161.24,$ 163.63,$ 159.50
07/28/2022,$ 157.35,81378730,$ 156.98,$ 157.64,$ 154.41
07/27/2022,$ 156.79,78620690,$ 152.58,$ 157.33,$ 152.16
07/26/2022,$ 151.60,55138690,$ 152.27,$ 153.09,$ 150.80
07/25/2022,$ 152.95,53623950,$ 154.01,$ 155.04,$ 152.28
07/22/2022,$ 154.09,66675410,$ 155.39,$ 156.28,$ 153.41
07/21/2022,$ 155.35,65086640,$ 154.50,$ 155.57,$ 151.94
07/20/2022,$ 153.04,64823410,$ 151.12,$ 153.72,$ 150.37
07/19/2022,$ 151.00,82982370,$ 147.92,$ 151.23,$ 146.91
07/18/2022,$ 147.07,81420870,$ 150.74,$ 151.57,$ 146.70
07/15/2022,$ 150.17,76259930,$ 149.78,$ 150.86,$ 148.20
07/14/2022,$ 148.47,78140740,$ 144.08,$ 148.95,$ 143.25
07/13/2022,$ 145.49,71185560,$ 142.99,$ 146.45,$ 142.12
07/12/2022,$ 145.86,77588760,$ 145.76,$ 148.45,$ 145.05
07/11/2022,$ 144.87,63305110,$ 145.67,$ 146.64,$ 143.78
07/08/2022,$ 147.04,64547800,$ 145.27,$ 147.55,$ 145.00
07/07/2022,$ 146.35,66253710,$ 143.29,$ 146.55,$ 143.28
07/06/2022,$ 142.92,74064250,$ 141.36,$ 144.12,$ 141.08
07/05/2022,$ 141.56,73429640,$ 137.77,$ 141.61,$ 136.93
07/01/2022,$ 138.93,71051550,$ 136.04,$ 139.04,$ 135.66
06/30/2022,$ 136.72,98964470,$ 137.25,$ 138.37,$ 133.77
06/29/2022,$ 139.23,66242410,$ 137.46,$ 140.67,$ 136.67
06/28/2022,$ 137.44,67315330,$ 142.13,$ 143.42,$ 137.33
06/27/2022,$ 141.66,70207910,$ 142.70,$ 143.49,$ 140.97
06/24/2022,$ 141.66,89116840,$ 139.90,$ 141.91,$ 139.77
06/23/2022,$ 138.27,72433770,$ 136.82,$ 138.59,$ 135.63
06/22/2022,$ 135.35,73409230,$ 134.79,$ 137.76,$ 133.91
06/21/2022,$ 135.87,81000490,$ 133.42,$ 137.06,$ 133.32
06/17/2022,$ 131.56,134520300,$ 130.07,$ 133.08,$ 129.81
06/16/2022,$ 130.06,107961500,$ 132.08,$ 132.39,$ 129.04
06/15/2022,$ 135.43,91532970,$ 134.29,$ 137.34,$ 132.16
06/14/2022,$ 132.76,84784330,$ 133.13,$ 133.89,$ 131.48
06/13/2022,$ 131.88,122207100,$ 132.87,$ 135.20,$ 131.44
06/10/2022,$ 137.13,91566640,$ 140.28,$ 140.76,$ 137.06
06/09/2022,$ 142.64,69472980,$ 147.08,$ 147.95,$ 142.53
06/08/2022,$ 147.96,53950200,$ 148.58,$ 149.87,$ 147.46
06/07/2022,$ 148.71,67808150,$ 144.35,$ 149.00,$ 144.10
06/06/2022,$ 146.14,71598380,$ 147.03,$ 148.57,$ 144.90
06/03/2022,$ 145.38,88570290,$ 146.90,$ 147.97,$ 144.46
06/02/2022,$ 151.21,72348060,$ 147.83,$ 151.27,$ 146.86
06/01/2022,$ 148.71,74286640,$ 149.90,$ 151.74,$ 147.68
05/31/2022,$ 148.84,103718400,$ 149.07,$ 150.66,$ 146.84
05/27/2022,$ 149.64,90978500,$ 145.39,$ 149.68,$ 145.26
05/26/2022,$ 143.78,90601550,$ 137.39,$ 144.34,$ 137.14
05/25/2022,$ 140.52,92482700,$ 138.43,$ 141.79,$ 138.34
05/24/2022,$ 140.36,104132700,$ 140.81,$ 141.97,$ 137.33
05/23/2022,$ 143.11,117726300,$ 137.79,$ 143.26,$ 137.65
05/20/2022,$ 137.59,137426100,$ 139.09,$ 140.70,$ 132.61
05/19/2022,$ 137.35,136095600,$ 139.88,$ 141.66,$ 136.60
05/18/2022,$ 140.82,109742900,$ 146.85,$ 147.36,$ 139.90
05/17/2022,$ 149.24,78336250,$ 148.86,$ 149.77,$ 146.68
05/16/2022,$ 145.54,86643780,$ 145.55,$ 147.52,$ 144.18
05/13/2022,$ 147.11,113990900,$ 144.59,$ 148.11,$ 143.11
05/12/2022,$ 142.56,182602000,$ 142.77,$ 146.20,$ 138.80
05/11/2022,$ 146.50,142689800,$ 153.50,$ 155.45,$ 145.81
05/10/2022,$ 154.51,115366700,$ 155.52,$ 156.74,$ 152.93
05/09/2022,$ 152.06,131577900,$ 154.93,$ 155.83,$ 151.49
05/06/2022,$ 157.28,116124600,$ 156.01,$ 159.44,$ 154.18
05/05/2022,$ 156.77,130525300,$ 163.85,$ 164.08,$ 154.95
05/04/2022,$ 166.02,108256500,$ 159.67,$ 166.48,$ 159.26
05/03/2022,$ 159.48,88966530,$ 158.15,$ 160.71,$ 156.32
05/02/2022,$ 157.96,123055300,$ 156.71,$ 158.23,$ 153.27
04/29/2022,$ 157.65,131747600,$ 161.84,$ 166.20,$ 157.25
04/28/2022,$ 163.64,130216800,$ 159.25,$ 164.52,$ 158.93
04/27/2022,$ 156.57,88063190,$ 155.91,$ 159.79,$ 155.38
04/26/2022,$ 156.80,95623240,$ 162.25,$ 162.34,$ 156.72
04/25/2022,$ 162.88,96046380,$ 161.12,$ 163.17,$ 158.46
04/22/2022,$ 161.79,84882420,$ 166.46,$ 167.87,$ 161.50
04/21/2022,$ 166.42,87227770,$ 168.91,$ 171.53,$ 165.91
04/20/2022,$ 167.23,67929810,$ 168.76,$ 168.88,$ 166.10
04/19/2022,$ 167.40,67723830,$ 165.02,$ 167.82,$ 163.91
04/18/2022,$ 165.07,69023940,$ 163.92,$ 166.60,$ 163.57
04/14/2022,$ 165.29,75329380,$ 170.62,$ 171.27,$ 165.04
04/13/2022,$ 170.40,70618930,$ 167.39,$ 171.04,$ 166.77
04/12/2022,$ 167.66,79265180,$ 168.02,$ 169.87,$ 166.64
04/11/2022,$ 165.75,72246710,$ 168.71,$ 169.03,$ 165.50
04/08/2022,$ 170.09,76575510,$ 171.78,$ 171.78,$ 169.20
04/07/2022,$ 172.14,77594650,$ 171.16,$ 173.36,$ 169.85
04/06/2022,$ 171.83,89058780,$ 172.36,$ 173.63,$ 170.13
04/05/2022,$ 175.06,73401790,$ 177.50,$ 178.30,$ 174.42
04/04/2022,$ 178.44,76545980,$ 174.57,$ 178.49,$ 174.44
04/01/2022,$ 174.31,78751330,$ 174.03,$ 174.88,$ 171.94
03/31/2022,$ 174.61,103049300,$ 177.84,$ 178.03,$ 174.40
03/30/2022,$ 177.77,92633150,$ 178.55,$ 179.61,$ 176.70
03/29/2022,$ 178.96,100589400,$ 176.69,$ 179.01,$ 176.34
03/28/2022,$ 175.60,90371920,$ 172.17,$ 175.73,$ 172.00
03/25/2022,$ 174.72,80546160,$ 173.88,$ 175.28,$ 172.75
03/24/2022,$ 174.07,90131420,$ 171.06,$ 174.14,$ 170.21
03/23/2022,$ 170.21,98062670,$ 167.99,$ 172.64,$ 167.65
03/22/2022,$ 168.82,81532010,$ 165.51,$ 169.42,$ 164.91
03/21/2022,$ 165.38,95811350,$ 163.51,$ 166.35,$ 163.02
03/18/2022,$ 163.98,123511700,$ 160.51,$ 164.48,$ 159.76
03/17/2022,$ 160.62,75615380,$ 158.61,$ 161.00,$ 157.63
03/16/2022,$ 159.59,102300200,$ 157.05,$ 160.00,$ 154.46
03/15/2022,$ 155.09,92964300,$ 150.90,$ 155.57,$ 150.38
03/14/2022,$ 150.62,108732100,$ 151.45,$ 154.12,$ 150.10
03/11/2022,$ 154.73,96970100,$ 158.93,$ 159.28,$ 154.50
03/10/2022,$ 158.52,105342000,$ 160.20,$ 160.39,$ 155.98
03/09/2022,$ 162.95,91454910,$ 161.48,$ 163.41,$ 159.41
03/08/2022,$ 157.44,131148300,$ 158.82,$ 162.88,$ 155.80
03/07/2022,$ 159.30,96418850,$ 163.36,$ 165.02,$ 159.04
03/04/2022,$ 163.17,83819590,$ 164.49,$ 165.55,$ 162.10
03/03/2022,$ 166.23,76678440,$ 168.47,$ 168.91,$ 165.55
03/02/2022,$ 166.56,79724750,$ 164.39,$ 167.36,$ 162.95
03/01/2022,$ 163.20,83474430,$ 164.70,$ 166.60,$ 161.97
02/28/2022,$ 165.12,95056630,$ 163.06,$ 165.42,$ 162.43
02/25/2022,$ 164.85,91974220,$ 163.84,$ 165.12,$ 160.87
02/24/2022,$ 162.74,141147500,$ 152.58,$ 162.85,$ 152.00
02/23/2022,$ 160.07,90009250,$ 165.54,$ 166.15,$ 159.75
02/22/2022,$ 164.32,91162760,$ 164.98,$ 166.69,$ 162.15
02/18/2022,$ 167.30,82772670,$ 169.82,$ 170.54,$ 166.19
02/17/2022,$ 168.88,69589340,$ 171.03,$ 171.91,$ 168.47
02/16/2022,$ 172.55,61177400,$ 171.85,$ 173.34,$ 170.05
02/15/2022,$ 172.79,64286320,$ 170.97,$ 172.95,$ 170.25
02/14/2022,$ 168.88,86185530,$ 167.37,$ 169.58,$ 166.56
02/11/2022,$ 168.64,98670690,$ 172.33,$ 173.08,$ 168.04
02/10/2022,$ 172.12,90865900,$ 174.14,$ 175.48,$ 171.55
02/09/2022,$ 176.28,71285040,$ 176.05,$ 176.65,$ 174.90
02/08/2022,$ 174.83,74829220,$ 171.73,$ 175.35,$ 171.43
02/07/2022,$ 171.66,77251200,$ 172.86,$ 173.95,$ 170.95
02/04/2022,$ 172.39,82465400,$ 171.68,$ 174.10,$ 170.68
02/03/2022,$ 172.90,89418070,$ 174.48,$ 176.24,$ 172.12
02/02/2022,$ 175.84,84914260,$ 174.75,$ 175.88,$ 173.33
02/01/2022,$ 174.61,86213910,$ 174.01,$ 174.84,$ 172.31
01/31/2022,$ 174.78,115541600,$ 170.16,$ 175.00,$ 169.51
01/28/2022,$ 170.33,179935700,$ 165.71,$ 170.35,$ 162.80
01/27/2022,$ 159.22,121954600,$ 162.45,$ 163.84,$ 158.28
01/26/2022,$ 159.69,108275300,$ 163.50,$ 164.39,$ 157.82
01/25/2022,$ 159.78,115798400,$ 158.98,$ 162.76,$ 157.02
01/24/2022,$ 161.62,162706700,$ 160.02,$ 162.30,$ 154.70
01/21/2022,$ 162.41,122848900,$ 164.42,$ 166.33,$ 162.30
01/20/2022,$ 164.51,91420520,$ 166.98,$ 169.68,$ 164.18
01/19/2022,$ 166.23,94814990,$ 170.00,$ 171.08,$ 165.94
01/18/2022,$ 169.80,91168730,$ 171.51,$ 172.54,$ 169.41
01/14/2022,$ 173.07,80440780,$ 171.34,$ 173.78,$ 171.09
01/13/2022,$ 172.19,84505760,$ 175.78,$ 176.62,$ 171.79
01/12/2022,$ 175.53,74805170,$ 176.12,$ 177.18,$ 174.82
01/11/2022,$ 175.08,76138310,$ 172.32,$ 175.18,$ 170.82
01/10/2022,$ 172.19,106765600,$ 169.08,$ 172.50,$ 168.17
01/07/2022,$ 172.17,86709150,$ 172.89,$ 174.14,$ 171.03
01/06/2022,$ 172.00,96903960,$ 172.70,$ 175.30,$ 171.64
01/05/2022,$ 174.92,94537600,$ 179.61,$ 180.17,$ 174.64
01/04/2022,$ 179.70,99310440,$ 182.63,$ 182.94,$ 179.12
01/03/2022,$ 182.01,104701200,$ 177.83,$ 182.88,$ 177.71
12/31/2021,$ 177.57,64062260,$ 178.09,$ 179.23,$ 177.26
12/30/2021,$ 178.20,59773010,$ 179.47,$ 180.57,$ 178.09
12/29/2021,$ 179.38,62348930,$ 179.33,$ 180.63,$ 178.14
12/28/2021,$ 179.29,79144340,$ 180.16,$ 181.33,$ 178.53
12/27/2021,$ 180.33,74919580,$ 177.09,$ 180.42,$ 177.07
12/23/2021,$ 176.28,68356570,$ 175.85,$ 176.85,$ 175.27
12/22/2021,$ 175.64,92135300,$ 173.04,$ 175.86,$ 172.15
12/21/2021,$ 172.99,91185910,$ 171.56,$ 173.20,$ 169.12
12/20/2021,$ 169.75,107499100,$ 168.28,$ 170.58,$ 167.46
12/17/2021,$ 171.14,195923400,$ 169.93,$ 173.47,$ 169.69
12/16/2021,$ 172.26,150185800,$ 179.28,$ 181.14,$ 170.75
12/15/2021,$ 179.30,131063300,$ 175.11,$ 179.50,$ 172.31
12/14/2021,$ 174.33,139380400,$ 175.25,$ 177.74,$ 172.21
12/13/2021,$ 175.74,153237000,$ 181.12,$ 182.13,$ 175.53
12/10/2021,$ 179.45,115402700,$ 175.21,$ 179.63,$ 174.69
12/09/2021,$ 174.56,108923700,$ 174.91,$ 176.75,$ 173.92
12/08/2021,$ 175.08,116998900,$ 172.13,$ 175.96,$ 170.70
12/07/2021,$ 171.18,120405400,$ 169.08,$ 171.58,$ 168.34
12/06/2021,$ 165.32,107497000,$ 164.29,$ 167.88,$ 164.28
12/03/2021,$ 161.84,118023100,$ 164.02,$ 164.96,$ 159.72
12/02/2021,$ 163.76,136739200,$ 158.74,$ 164.20,$ 157.80
12/01/2021,$ 164.77,152423000,$ 167.48,$ 170.30,$ 164.53
11/30/2021,$ 165.30,174048100,$ 159.99,$ 165.52,$ 159.92
11/29/2021,$ 160.24,88748220,$ 159.37,$ 161.19,$ 158.79
11/26/2021,$ 156.81,76959750,$ 159.57,$ 160.45,$ 156.36
11/24/2021,$ 161.94,69463620,$ 160.75,$ 162.14,$ 159.64
11/23/2021,$ 161.41,96041900,$ 161.12,$ 161.80,$ 159.06
11/22/2021,$ 161.02,117467900,$ 161.68,$ 165.70,$ 161.00
11/19/2021,$ 160.55,117305600,$ 157.65,$ 161.02,$ 156.53
11/18/2021,$ 157.87,137827700,$ 153.71,$ 158.67,$ 153.05
11/17/2021,$ 153.49,88807000,$ 151.00,$ 155.00,$ 150.99
11/16/2021,$ 151.00,59256210,$ 149.94,$ 151.49,$ 149.34
11/15/2021,$ 150.00,59222800,$ 150.37,$ 151.88,$ 149.43
11/12/2021,$ 149.99,63804010,$ 148.43,$ 150.40,$ 147.48
11/11/2021,$ 147.87,40999950,$ 148.96,$ 149.43,$ 147.68
11/10/2021,$ 147.92,65187090,$ 150.02,$ 150.13,$ 147.85
11/09/2021,$ 150.81,56787930,$ 150.20,$ 151.43,$ 150.06
11/08/2021,$ 150.44,55020870,$ 151.41,$ 151.57,$ 150.16
11/05/2021,$ 151.28,65463880,$ 151.89,$ 152.20,$ 150.06
11/04/2021,$ 150.96,60394620,$ 151.58,$ 152.43,$ 150.64
11/03/2021,$ 151.49,54511530,$ 150.39,$ 151.97,$ 149.82
11/02/2021,$ 150.02,69121990,$ 148.66,$ 151.57,$ 148.65
11/01/2021,$ 148.96,74588260,$ 148.99,$ 149.70,$ 147.80
10/29/2021,$ 149.80,124953200,$ 147.22,$ 149.94,$ 146.41
10/28/2021,$ 152.57,100077900,$ 149.82,$ 153.17,$ 149.72
10/27/2021,$ 148.85,56094930,$ 149.36,$ 149.73,$ 148.49
10/26/2021,$ 149.32,60893400,$ 149.33,$ 150.84,$ 149.01
10/25/2021,$ 148.64,50720560,$ 148.68,$ 149.37,$ 147.62
10/22/2021,$ 148.69,58883440,$ 149.69,$ 150.18,$ 148.64
10/21/2021,$ 149.48,61420990,$ 148.81,$ 149.64,$ 147.87
10/20/2021,$ 149.26,58418790,$ 148.70,$ 149.75,$ 148.12
10/19/2021,$ 148.76,76378890,$ 147.01,$ 149.17,$ 146.55
10/18/2021,$ 146.55,85589180,$ 143.45,$ 146.84,$ 143.16
10/15/2021,$ 144.84,67940330,$ 143.77,$ 144.90,$ 143.51
10/14/2021,$ 143.76,69907100,$ 142.11,$ 143.88,$ 141.51
10/13/2021,$ 140.91,78762720,$ 141.24,$ 141.40,$ 139.20
10/12/2021,$ 141.51,73035860,$ 143.23,$ 143.25,$ 141.04
10/11/2021,$ 142.81,64452220,$ 142.27,$ 144.81,$ 141.81
10/08/2021,$ 142.90,58773160,$ 144.03,$ 144.18,$ 142.56
10/07/2021,$ 143.29,61732660,$ 143.06,$ 144.22,$ 142.72
10/06/2021,$ 142.00,83221120,$ 139.47,$ 142.15,$ 138.37
10/05/2021,$ 141.11,80861060,$ 139.49,$ 142.24,$ 139.36
10/04/2021,$ 139.14,98322010,$ 141.76,$ 142.21,$ 138.27
10/01/2021,$ 142.65,94639580,$ 141.90,$ 142.92,$ 139.11
09/30/2021,$ 141.50,89056660,$ 143.66,$ 144.38,$ 141.28
09/29/2021,$ 142.83,74602040,$ 142.47,$ 144.45,$ 142.03
09/28/2021,$ 141.91,108972300,$ 143.25,$ 144.75,$ 141.69
09/27/2021,$ 145.37,74150730,$ 145.47,$ 145.96,$ 143.82
09/24/2021,$ 146.92,53477870,$ 145.66,$ 147.47,$ 145.56
09/23/2021,$ 146.83,64838170,$ 146.65,$ 147.08,$ 145.64
09/22/2021,$ 145.85,76404340,$ 144.45,$ 146.43,$ 143.70
09/21/2021,$ 143.43,75833960,$ 143.93,$ 144.60,$ 142.78
09/20/2021,$ 142.94,123478900,$ 143.80,$ 144.84,$ 141.27
09/17/2021,$ 146.06,129868800,$ 148.82,$ 148.82,$ 145.76
09/16/2021,$ 148.79,68034150,$ 148.44,$ 148.97,$ 147.22
09/15/2021,$ 149.03,83281320,$ 148.56,$ 149.44,$ 146.37
09/14/2021,$ 148.12,109296300,$ 150.35,$ 151.07,$ 146.91
09/13/2021,$ 149.55,102404300,$ 150.63,$ 151.42,$ 148.75
09/10/2021,$ 148.97,140893200,$ 155.00,$ 155.48,$ 148.70
09/09/2021,$ 154.07,57305730,$ 155.49,$ 156.11,$ 153.95
09/08/2021,$ 155.11,74420210,$ 156.98,$ 157.04,$ 153.98
09/07/2021,$ 156.69,82278260,$ 154.97,$ 157.26,$ 154.39
09/03/2021,$ 154.30,57866070,$ 153.76,$ 154.63,$ 153.09
09/02/2021,$ 153.65,71171320,$ 153.87,$ 154.72,$ 152.40
09/01/2021,$ 152.51,80313710,$ 152.83,$ 154.98,$ 152.34
08/31/2021,$ 151.83,86453120,$ 152.66,$ 152.80,$ 151.29
08/30/2021,$ 153.12,90956720,$ 149.00,$ 153.49,$ 148.61
08/27/2021,$ 148.60,55802390,$ 147.48,$ 148.75,$ 146.83
08/26/2021,$ 147.54,48597200,$ 148.35,$ 149.12,$ 147.51
08/25/2021,$ 148.36,58991300,$ 149.81,$ 150.32,$ 147.80
08/24/2021,$ 149.62,48606430,$ 149.45,$ 150.86,$ 149.15
08/23/2021,$ 149.71,60131810,$ 148.31,$ 150.19,$ 147.89
08/20/2021,$ 148.19,60549630,$ 147.44,$ 148.50,$ 146.78
08/19/2021,$ 146.70,86960310,$ 145.03,$ 148.00,$ 144.50
08/18/2021,$ 146.36,86325990,$ 149.80,$ 150.72,$ 146.15
08/17/2021,$ 150.19,92229740,$ 150.23,$ 151.68,$ 149.09
08/16/2021,$ 151.12,103558800,$ 148.54,$ 151.19,$ 146.47
08/13/2021,$ 149.10,59375010,$ 148.97,$ 149.44,$ 148.27
08/12/2021,$ 148.89,73779110,$ 146.19,$ 149.05,$ 145.84
08/11/2021,$ 145.86,48493460,$ 146.05,$ 146.72,$ 145.53
08/10/2021,$ 145.60,69023080,$ 146.44,$ 147.71,$ 145.30
08/09/2021,$ 146.09,48908690,$ 146.20,$ 146.70,$ 145.52
08/06/2021,$ 146.14,54126810,$ 146.35,$ 147.11,$ 145.63
08/05/2021,$ 147.06,46397670,$ 146.98,$ 147.84,$ 146.17
08/04/2021,$ 146.95,56368270,$ 147.27,$ 147.79,$ 146.28
08/03/2021,$ 147.36,64786620,$ 145.81,$ 148.05,$ 145.18
08/02/2021,$ 145.52,62879960,$ 146.36,$ 146.95,$ 145.25
07/30/2021,$ 145.86,70440630,$ 144.38,$ 146.33,$ 144.11
07/29/2021,$ 145.64,56699480,$ 144.69,$ 146.55,$ 144.58
07/28/2021,$ 144.98,118931200,$ 144.81,$ 146.97,$ 142.54
07/27/2021,$ 146.77,104818600,$ 149.12,$ 149.21,$ 145.55
07/26/2021,$ 148.99,72434090,$ 148.27,$ 149.83,$ 147.70
07/23/2021,$ 148.56,71447420,$ 147.55,$ 148.72,$ 146.92
07/22/2021,$ 146.80,77338160,$ 145.94,$ 148.20,$ 145.81
07/21/2021,$ 145.40,74993460,$ 145.53,$ 146.13,$ 144.63
07/20/2021,$ 146.15,96350040,$ 143.46,$ 147.10,$ 142.96
07/19/2021,$ 142.45,121434600,$ 143.75,$ 144.07,$ 141.67
07/16/2021,$ 146.39,93251430,$ 148.46,$ 149.76,$ 145.88
07/15/2021,$ 148.48,106820300,$ 149.24,$ 150.00,$ 147.09
07/14/2021,$ 149.15,127050800,$ 148.10,$ 149.57,$ 147.68
07/13/2021,$ 145.64,100827100,$ 144.03,$ 147.46,$ 143.63
07/12/2021,$ 144.50,76299720,$ 146.21,$ 146.32,$ 144.00
07/09/2021,$ 145.11,99890800,$ 142.75,$ 145.65,$ 142.65
07/08/2021,$ 143.24,105575500,$ 141.58,$ 144.06,$ 140.67
07/07/2021,$ 144.57,104911600,$ 143.54,$ 144.89,$ 142.66
07/06/2021,$ 142.02,108181800,$ 140.07,$ 143.15,$ 140.07
07/02/2021,$ 139.96,78945570,$ 137.90,$ 140.00,$ 137.75
07/01/2021,$ 137.27,52485780,$ 136.60,$ 137.33,$ 135.76
06/30/2021,$ 136.96,63261390,$ 136.17,$ 137.41,$ 135.87
06/29/2021,$ 136.33,64556080,$ 134.80,$ 136.49,$ 134.35
06/28/2021,$ 134.78,62111300,$ 133.41,$ 135.25,$ 133.35
06/25/2021,$ 133.11,70783750,$ 133.46,$ 133.89,$ 132.81
06/24/2021,$ 133.41,68711000,$ 134.45,$ 134.64,$ 132.93
06/23/2021,$ 133.70,60214200,$ 133.77,$ 134.32,$ 133.23
06/22/2021,$ 133.98,74783620,$ 132.13,$ 134.08,$ 131.62
06/21/2021,$ 132.30,79663320,$ 130.30,$ 132.41,$ 129.21
06/18/2021,$ 130.46,108953300,$ 130.71,$ 131.51,$ 130.24
06/17/2021,$ 131.79,96721670,$ 129.80,$ 132.55,$ 129.65
06/16/2021,$ 130.15,91815030,$ 130.37,$ 130.89,$ 128.46
06/15/2021,$ 129.64,62746330,$ 129.94,$ 130.60,$ 129.39
06/14/2021,$ 130.48,96906490,$ 127.82,$ 130.54,$ 127.07
06/11/2021,$ 127.35,53522370,$ 126.53,$ 127.44,$ 126.10
06/10/2021,$ 126.11,71186420,$ 127.02,$ 128.19,$ 125.94
06/09/2021,$ 127.13,56877940,$ 127.21,$ 127.75,$ 126.52
06/08/2021,$ 126.74,74403770,$ 126.60,$ 128.46,$ 126.21
06/07/2021,$ 125.90,71057550,$ 126.17,$ 126.32,$ 124.83
06/04/2021,$ 125.89,75169340,$ 124.07,$ 126.16,$ 123.85
06/03/2021,$ 123.54,76229170,$ 124.68,$ 124.85,$ 123.13
06/02/2021,$ 125.06,59278860,$ 124.28,$ 125.24,$ 124.05
06/01/2021,$ 124.28,67637120,$ 125.08,$ 125.35,$ 123.94
05/28/2021,$ 124.61,71311110,$ 125.57,$ 125.80,$ 124.55
05/27/2021,$ 125.28,94625600,$ 126.44,$ 127.64,$ 125.08
05/26/2021,$ 126.85,56575920,$ 126.96,$ 127.39,$ 126.42
05/25/2021,$ 126.90,72009480,$ 127.82,$ 128.32,$ 126.32
05/24/2021,$ 127.10,63092950,$ 126.01,$ 127.94,$ 125.94
05/21/2021,$ 125.43,79295440,$ 127.82,$ 128.00,$ 125.21
05/20/2021,$ 127.31,76857120,$ 125.23,$ 127.72,$ 125.10
05/19/2021,$ 124.69,92611990,$ 123.16,$ 124.92,$ 122.86
05/18/2021,$ 124.85,63342930,$ 126.56,$ 126.99,$ 124.78
05/17/2021,$ 126.27,74116550,$ 126.82,$ 126.93,$ 125.17
05/14/2021,$ 127.45,81917950,$ 126.25,$ 127.89,$ 125.85
05/13/2021,$ 124.97,105861300,$ 124.58,$ 126.15,$ 124.26
05/12/2021,$ 122.77,112172300,$ 123.40,$ 124.64,$ 122.25
05/11/2021,$ 125.91,126142800,$ 123.50,$ 126.27,$ 122.77
05/10/2021,$ 126.85,88071230,$ 129.41,$ 129.54,$ 126.81
05/07/2021,$ 130.21,78973270,$ 130.85,$ 131.26,$ 129.48
05/06/2021,$ 129.74,78128330,$ 127.89,$ 129.75,$ 127.13
05/05/2021,$ 128.10,84000900,$ 129.20,$ 130.45,$ 127.97
05/04/2021,$ 127.85,137564700,$ 131.19,$ 131.49,$ 126.70
05/03/2021,$ 132.54,75135100,$ 132.04,$ 134.07,$ 131.83
04/30/2021,$ 131.46,109839500,$ 131.78,$ 133.56,$ 131.07
04/29/2021,$ 133.48,151101000,$ 136.47,$ 137.07,$ 132.45
04/28/2021,$ 133.58,107760100,$ 134.31,$ 135.02,$ 133.08
04/27/2021,$ 134.39,66015800,$ 135.01,$ 135.41,$ 134.11
04/26/2021,$ 134.72,66905070,$ 134.83,$ 135.06,$ 133.56
04/23/2021,$ 134.32,78756780,$ 132.16,$ 135.12,$ 132.16
04/22/2021,$ 131.94,84566460,$ 133.04,$ 134.15,$ 131.41
04/21/2021,$ 133.50,68847140,$ 132.36,$ 133.75,$ 131.30
04/20/2021,$ 133.11,94812350,$ 135.02,$ 135.53,$ 131.81
04/19/2021,$ 134.84,94264220,$ 133.51,$ 135.47,$ 133.34
04/16/2021,$ 134.16,84922390,$ 134.30,$ 134.67,$ 133.28
04/15/2021,$ 134.50,89347100,$ 133.82,$ 135.00,$ 133.64
04/14/2021,$ 132.03,87222780,$ 134.94,$ 135.00,$ 131.66
04/13/2021,$ 134.43,91266550,$ 132.44,$ 134.66,$ 131.93
04/12/2021,$ 131.24,91419980,$ 132.52,$ 132.85,$ 130.63
04/09/2021,$ 133.00,106686700,$ 129.80,$ 133.04,$ 129.47
04/08/2021,$ 130.36,88844590,$ 128.95,$ 130.39,$ 128.52
04/07/2021,$ 127.90,83466720,$ 125.83,$ 127.92,$ 125.14
04/06/2021,$ 126.21,80171250,$ 126.50,$ 127.13,$ 125.65
04/05/2021,$ 125.90,88651180,$ 123.87,$ 126.16,$ 123.07
04/01/2021,$ 123.00,75089130,$ 123.66,$ 124.18,$ 122.49
03/31/2021,$ 122.15,118323800,$ 121.65,$ 123.52,$ 121.15
03/30/2021,$ 119.90,85671920,$ 120.11,$ 120.40,$ 118.86
03/29/2021,$ 121.39,80819200,$ 121.65,$ 122.58,$ 120.73
03/26/2021,$ 121.21,94071230,$ 120.35,$ 121.48,$ 118.92
03/25/2021,$ 120.59,98844680,$ 119.54,$ 121.66,$ 119.00
03/24/2021,$ 120.09,88530490,$ 122.82,$ 122.90,$ 120.07
03/23/2021,$ 122.54,95467140,$ 123.33,$ 124.24,$ 122.14
03/22/2021,$ 123.39,111912300,$ 120.33,$ 123.87,$ 120.26
03/19/2021,$ 119.99,185549500,$ 119.90,$ 121.43,$ 119.68
03/18/2021,$ 120.53,121469800,$ 122.88,$ 123.18,$ 120.32
03/17/2021,$ 124.76,111932600,$ 124.05,$ 125.86,$ 122.34
03/16/2021,$ 125.57,115227900,$ 125.70,$ 127.22,$ 124.72
03/15/2021,$ 123.99,92590560,$ 121.41,$ 124.00,$ 120.42
03/12/2021,$ 121.03,88105050,$ 120.40,$ 121.17,$ 119.16
03/11/2021,$ 121.96,103026500,$ 122.54,$ 123.21,$ 121.26
03/10/2021,$ 119.98,111943300,$ 121.69,$ 122.17,$ 119.45
03/09/2021,$ 121.09,129525800,$ 119.03,$ 122.06,$ 118.79
03/08/2021,$ 116.36,154376600,$ 120.93,$ 121.00,$ 116.21
03/05/2021,$ 121.42,153766600,$ 120.98,$ 121.94,$ 117.57
03/04/2021,$ 120.13,178155000,$ 121.75,$ 123.60,$ 118.62
03/03/2021,$ 122.06,112966300,$ 124.81,$ 125.71,$ 121.84
03/02/2021,$ 125.12,102260900,$ 128.41,$ 128.72,$ 125.01
03/01/2021,$ 127.79,116307900,$ 123.75,$ 127.93,$ 122.79
02/26/2021,$ 121.26,164560400,$ 122.59,$ 124.85,$ 121.20
02/25/2021,$ 120.99,148199500,$ 124.68,$ 126.46,$ 120.54
02/24/2021,$ 125.35,111039900,$ 124.94,$ 125.56,$ 122.23
02/23/2021,$ 125.86,158273000,$ 123.76,$ 126.71,$ 118.39
02/22/2021,$ 126.00,103916400,$ 128.01,$ 129.72,$ 125.60
02/19/2021,$ 129.87,87668830,$ 130.24,$ 130.71,$ 128.80
02/18/2021,$ 129.71,96856750,$ 129.20,$ 130.00,$ 127.41
02/17/2021,$ 130.84,98085250,$ 131.25,$ 132.22,$ 129.47
02/16/2021,$ 133.19,80576320,$ 135.49,$ 136.01,$ 132.79
02/12/2021,$ 135.37,60145130,$ 134.35,$ 135.53,$ 133.69
02/11/2021,$ 135.13,64280030,$ 135.90,$ 136.39,$ 133.77
02/10/2021,$ 135.39,73046560,$ 136.48,$ 136.99,$ 134.40
02/09/2021,$ 136.01,76774210,$ 136.62,$ 137.88,$ 135.85
02/08/2021,$ 136.91,71297210,$ 136.03,$ 136.96,$ 134.92
02/05/2021,$ 136.76,75693830,$ 137.35,$ 137.42,$ 135.86
02/04/2021,$ 137.39,84183060,$ 136.30,$ 137.40,$ 134.59
02/03/2021,$ 133.94,89880940,$ 135.76,$ 135.77,$ 133.61
02/02/2021,$ 134.99,83305370,$ 135.73,$ 136.31,$ 134.61
02/01/2021,$ 134.14,106239800,$ 133.75,$ 135.38,$ 130.93
01/29/2021,$ 131.96,177523800,$ 135.83,$ 136.74,$ 130.21
01/28/2021,$ 137.09,142621100,$ 139.52,$ 141.99,$ 136.70
01/27/2021,$ 142.06,140843800,$ 143.43,$ 144.30,$ 140.41
01/26/2021,$ 143.16,98390560,$ 143.60,$ 144.30,$ 141.37
01/25/2021,$ 142.92,157611700,$ 143.07,$ 145.09,$ 136.54
01/22/2021,$ 139.07,114459400,$ 136.28,$ 139.85,$ 135.02
01/21/2021,$ 136.87,120529500,$ 133.80,$ 139.67,$ 133.59
01/20/2021,$ 132.03,104319500,$ 128.66,$ 132.49,$ 128.55
01/19/2021,$ 127.83,90757330,$ 127.78,$ 128.71,$ 126.94
01/15/2021,$ 127.14,111598500,$ 128.78,$ 130.22,$ 127.00
01/14/2021,$ 128.91,90221760,$ 130.80,$ 131.00,$ 128.76
01/13/2021,$ 130.89,88636830,$ 128.76,$ 131.45,$ 128.49
01/12/2021,$ 128.80,91951150,$ 128.50,$ 129.69,$ 126.86
01/11/2021,$ 128.98,100620900,$ 129.19,$ 130.17,$ 128.50
01/08/2021,$ 132.05,105158200,$ 132.43,$ 132.63,$ 130.23
01/07/2021,$ 130.92,109578200,$ 128.36,$ 131.63,$ 127.86
01/06/2021,$ 126.60,155088000,$ 127.72,$ 131.05,$ 126.38
01/05/2021,$ 131.01,97664900,$ 128.89,$ 131.74,$ 128.43
01/04/2021,$ 129.41,143301900,$ 133.52,$ 133.61,$ 126.76
12/31/2020,$ 132.69,99116590,$ 134.08,$ 134.74,$ 131.72
12/30/2020,$ 133.72,96452120,$ 135.58,$ 135.99,$ 133.40
12/29/2020,$ 134.87,121047300,$ 138.05,$ 138.79,$ 134.34
12/28/2020,$ 136.69,124486200,$ 133.99,$ 137.34,$ 133.51
12/24/2020,$ 131.97,54930060,$ 131.32,$ 133.46,$ 131.10
12/23/2020,$ 130.96,88223690,$ 132.16,$ 132.43,$ 130.78
12/22/2020,$ 131.88,169351800,$ 131.61,$ 134.41,$ 129.65
12/21/2020,$ 128.23,121251600,$ 125.02,$ 128.31,$ 123.45
12/18/2020,$ 126.66,192541500,$ 128.96,$ 129.10,$ 126.12
12/17/2020,$ 128.70,94359810,$ 128.90,$ 129.58,$ 128.05
12/16/2020,$ 127.81,98208590,$ 127.41,$ 128.37,$ 126.56
12/15/2020,$ 127.88,157572300,$ 124.34,$ 127.90,$ 124.13
12/14/2020,$ 121.78,79075990,$ 122.60,$ 123.35,$ 121.54
12/11/2020,$ 122.41,86939790,$ 122.43,$ 122.76,$ 120.55
12/10/2020,$ 123.24,81312170,$ 120.50,$ 123.87,$ 120.15
12/09/2020,$ 121.78,115089200,$ 124.53,$ 125.95,$ 121.00
12/08/2020,$ 124.38,82225510,$ 124.37,$ 124.98,$ 123.09
12/07/2020,$ 123.75,86711990,$ 122.31,$ 124.57,$ 122.25
12/04/2020,$ 122.25,78260420,$ 122.60,$ 122.86,$ 121.52
12/03/2020,$ 122.94,78967630,$ 123.52,$ 123.78,$ 122.21
12/02/2020,$ 123.08,89004200,$ 122.02,$ 123.37,$ 120.89
12/01/2020,$ 122.72,128166800,$ 121.01,$ 123.47,$ 120.01
11/30/2020,$ 119.05,169410200,$ 116.97,$ 120.97,$ 116.81
11/27/2020,$ 116.59,46691330,$ 116.57,$ 117.49,$ 116.22
11/25/2020,$ 116.03,76499230,$ 115.55,$ 116.75,$ 115.17
11/24/2020,$ 115.17,113874200,$ 113.91,$ 115.85,$ 112.59
11/23/2020,$ 113.85,127959300,$ 117.18,$ 117.62,$ 113.75
11/20/2020,$ 117.34,73604290,$ 118.64,$ 118.77,$ 117.29
11/19/2020,$ 118.64,74112970,$ 117.59,$ 119.06,$ 116.81
11/18/2020,$ 118.03,76322110,$ 118.61,$ 119.82,$ 118.00
11/17/2020,$ 119.39,74270970,$ 119.55,$ 120.67,$ 118.96
11/16/2020,$ 120.30,91183020,$ 118.92,$ 120.99,$ 118.15
11/13/2020,$ 119.26,81688590,$ 119.44,$ 119.67,$ 117.87
11/12/2020,$ 119.21,103350700,$ 119.62,$ 120.53,$ 118.57
11/11/2020,$ 119.49,112295000,$ 117.19,$ 119.63,$ 116.44
11/10/2020,$ 115.97,138023400,$ 115.55,$ 117.59,$ 114.13
11/09/2020,$ 116.32,154515300,$ 120.50,$ 121.99,$ 116.05
11/06/2020,$ 118.69,114457900,$ 118.32,$ 119.20,$ 116.13
11/05/2020,$ 119.03,126387100,$ 117.95,$ 119.62,$ 116.87
11/04/2020,$ 114.95,138235500,$ 114.14,$ 115.59,$ 112.35
11/03/2020,$ 110.44,107624400,$ 109.66,$ 111.49,$ 108.73
11/02/2020,$ 108.77,122866900,$ 109.11,$ 110.68,$ 107.32
10/30/2020,$ 108.86,190573500,$ 111.06,$ 111.99,$ 107.72
10/29/2020,$ 115.32,146129200,$ 112.37,$ 116.93,$ 112.20
10/28/2020,$ 111.20,143937800,$ 115.05,$ 115.43,$ 111.10
10/27/2020,$ 116.60,92276770,$ 115.49,$ 117.28,$ 114.54
10/26/2020,$ 115.05,111850700,$ 114.01,$ 116.55,$ 112.88
10/23/2020,$ 115.04,82572650,$ 116.39,$ 116.55,$ 114.28
10/22/2020,$ 115.75,101988000,$ 117.45,$ 118.04,$ 114.59
10/21/2020,$ 116.87,89945980,$ 116.67,$ 118.71,$ 116.45
10/20/2020,$ 117.51,124423700,$ 116.20,$ 118.98,$ 115.63
10/19/2020,$ 115.98,120639300,$ 119.96,$ 120.42,$ 115.66
10/16/2020,$ 119.02,115393800,$ 121.28,$ 121.55,$ 118.81
10/15/2020,$ 120.71,112559200,$ 118.72,$ 121.20,$ 118.15
10/14/2020,$ 121.19,151062300,$ 121.00,$ 123.03,$ 119.62
10/13/2020,$ 121.10,262330500,$ 125.27,$ 125.39,$ 119.65
10/12/2020,$ 124.40,240226800,$ 120.06,$ 125.18,$ 119.28
10/09/2020,$ 116.97,100506900,$ 115.28,$ 117.00,$ 114.92
10/08/2020,$ 114.97,83477150,$ 116.25,$ 116.40,$ 114.59
10/07/2020,$ 115.08,96848990,$ 114.62,$ 115.55,$ 114.13
10/06/2020,$ 113.16,161498200,$ 115.70,$ 116.12,$ 112.25
10/05/2020,$ 116.50,106243800,$ 113.91,$ 116.65,$ 113.55
10/02/2020,$ 113.02,144712000,$ 112.89,$ 115.37,$ 112.22
10/01/2020,$ 116.79,116120400,$ 117.64,$ 117.72,$ 115.83
09/30/2020,$ 115.81,142675200,$ 113.79,$ 117.26,$ 113.62
09/29/2020,$ 114.09,100060500,$ 114.55,$ 115.31,$ 113.57
09/28/2020,$ 114.96,137672400,$ 115.01,$ 115.32,$ 112.78
09/25/2020,$ 112.28,149981400,$ 108.43,$ 112.44,$ 107.67
09/24/2020,$ 108.22,167743300,$ 105.17,$ 110.25,$ 105.00
09/23/2020,$ 107.12,150718700,$ 111.62,$ 112.11,$ 106.77
09/22/2020,$ 111.81,183055400,$ 112.68,$ 112.86,$ 109.16
09/21/2020,$ 110.08,195713800,$ 104.54,$ 110.19,$ 103.10
09/18/2020,$ 106.84,287104900,$ 110.40,$ 110.88,$ 106.09
09/17/2020,$ 110.34,178011000,$ 109.72,$ 112.20,$ 108.71
09/16/2020,$ 112.13,155026700,$ 115.23,$ 116.00,$ 112.04
09/15/2020,$ 115.54,184642000,$ 118.33,$ 118.83,$ 113.61
09/14/2020,$ 115.36,140150100,$ 114.72,$ 115.93,$ 112.80
09/11/2020,$ 112.00,180860300,$ 114.57,$ 115.23,$ 110.00
09/10/2020,$ 113.49,182274400,$ 120.36,$ 120.50,$ 112.50
09/09/2020,$ 117.32,176940500,$ 117.26,$ 119.14,$ 115.26
09/08/2020,$ 112.82,231366600,$ 113.95,$ 118.99,$ 112.68
09/04/2020,$ 120.96,332607200,$ 120.07,$ 123.70,$ 110.89
09/03/2020,$ 120.88,257599600,$ 126.91,$ 128.84,$ 120.50
09/02/2020,$ 131.40,200119000,$ 137.59,$ 137.98,$ 127.00
09/01/2020,$ 134.18,152470100,$ 132.76,$ 134.80,$ 130.53
08/31/2020,$ 129.04,225702700,$ 127.58,$ 131.00,$ 126.00
08/28/2020,$ 124.81,187629920,$ 126.01,$ 126.44,$ 124.58
08/27/2020,$ 125.01,155552400,$ 127.14,$ 127.49,$ 123.83
08/26/2020,$ 126.52,163022280,$ 126.18,$ 126.99,$ 125.08
08/25/2020,$ 124.83,211495800,$ 124.70,$ 125.18,$ 123.05
08/24/2020,$ 125.86,345937760,$ 128.70,$ 128.79,$ 123.94
08/21/2020,$ 124.37,338054640,$ 119.26,$ 124.87,$ 119.25
08/20/2020,$ 118.28,126907200,$ 115.75,$ 118.39,$ 115.73
08/19/2020,$ 115.71,145538000,$ 115.98,$ 117.16,$ 115.61
08/18/2020,$ 115.56,105633560,$ 114.35,$ 116.00,$ 114.01
08/17/2020,$ 114.61,119561440,$ 116.06,$ 116.09,$ 113.96
08/14/2020,$ 114.91,165565200,$ 114.83,$ 115.00,$ 113.05
08/13/2020,$ 115.01,210082080,$ 114.43,$ 116.04,$ 113.93
08/12/2020,$ 113.01,165944840,$ 110.50,$ 113.28,$ 110.30
08/11/2020,$ 109.38,187902360,$ 111.97,$ 112.48,$ 109.11
08/10/2020,$ 112.73,212403440,$ 112.60,$ 113.78,$ 110.00
08/07/2020,$ 111.11,198045600,$ 113.21,$ 113.68,$ 110.29
08/06/2020,$ 113.90,202428920,$ 110.41,$ 114.41,$ 109.80
08/05/2020,$ 110.06,121991960,$ 109.38,$ 110.39,$ 108.90
08/04/2020,$ 109.67,172792360,$ 109.13,$ 110.79,$ 108.39
08/03/2020,$ 108.94,308151400,$ 108.20,$ 111.64,$ 107.89
07/31/2020,$ 106.26,374295480,$ 102.88,$ 106.42,$ 100.83
07/30/2020,$ 96.19,158130040,$ 94.19,$ 96.30,$ 93.77
07/29/2020,$ 95.04,90329240,$ 93.75,$ 95.23,$ 93.71
07/28/2020,$ 93.25,103625520,$ 94.37,$ 94.55,$ 93.25
07/27/2020,$ 94.81,121214200,$ 93.71,$ 94.91,$ 93.48
07/24/2020,$ 92.62,185438880,$ 90.99,$ 92.97,$ 89.15
07/23/2020,$ 92.85,197004440,$ 97.00,$ 97.08,$ 92.01
07/22/2020,$ 97.27,89001640,$ 96.69,$ 97.98,$ 96.60
07/21/2020,$ 97.00,103645840,$ 99.17,$ 99.25,$ 96.74
07/20/2020,$ 98.36,90317920,$ 96.42,$ 98.50,$ 96.06
07/17/2020,$ 96.33,92186920,$ 96.99,$ 97.15,$ 95.84
07/16/2020,$ 96.52,110577680,$ 96.56,$ 97.41,$ 95.91
07/15/2020,$ 97.73,153197920,$ 98.99,$ 99.25,$ 96.49
07/14/2020,$ 97.06,170989360,$ 94.84,$ 97.26,$ 93.88
07/13/2020,$ 95.48,191649160,$ 97.27,$ 99.96,$ 95.26
07/10/2020,$ 95.92,90257320,$ 95.34,$ 95.98,$ 94.71
07/09/2020,$ 95.68,125642600,$ 96.26,$ 96.32,$ 94.67
07/08/2020,$ 95.34,117091880,$ 94.18,$ 95.38,$ 94.09
07/07/2020,$ 93.17,112424440,$ 93.85,$ 94.66,$ 93.06
07/06/2020,$ 93.46,118655640,$ 92.50,$ 93.95,$ 92.47
07/02/2020,$ 91.03,114041480,$ 91.96,$ 92.62,$ 90.91
07/01/2020,$ 91.03,110737240,$ 91.28,$ 91.84,$ 90.98
06/30/2020,$ 91.20,140223280,$ 90.02,$ 91.50,$ 90.00
06/29/2020,$ 90.45,130646080,$ 88.31,$ 90.54,$ 87.82
06/26/2020,$ 88.41,205256840,$ 91.10,$ 91.33,$ 88.26
06/25/2020,$ 91.21,137522520,$ 90.18,$ 91.25,$ 89.39
06/24/2020,$ 90.02,192623400,$ 91.25,$ 92.20,$ 89.63
06/23/2020,$ 91.63,212155480,$ 91.00,$ 93.10,$ 90.57
06/22/2020,$ 89.72,135445280,$ 87.84,$ 89.87,$ 87.79
06/19/2020,$ 87.43,264475800,$ 88.66,$ 89.14,$ 86.29
06/18/2020,$ 87.93,96820400,$ 87.85,$ 88.36,$ 87.31
06/17/2020,$ 87.90,114406520,$ 88.79,$ 88.85,$ 87.77
06/16/2020,$ 88.02,165428720,$ 87.87,$ 88.30,$ 86.18
06/15/2020,$ 85.75,138808920,$ 83.31,$ 86.42,$ 83.15
06/12/2020,$ 84.70,200146040,$ 86.18,$ 86.95,$ 83.56
06/11/2020,$ 83.98,201662440,$ 87.33,$ 87.77,$ 83.87
06/10/2020,$ 88.21,166651760,$ 86.98,$ 88.69,$ 86.52
06/09/2020,$ 86.00,147712360,$ 83.04,$ 86.40,$ 83.00
06/08/2020,$ 83.37,95654520,$ 82.56,$ 83.40,$ 81.83
06/05/2020,$ 82.88,137250200,$ 80.84,$ 82.94,$ 80.81
06/04/2020,$ 80.58,87560360,$ 81.10,$ 81.41,$ 80.20
06/03/2020,$ 81.28,104491200,$ 81.17,$ 81.55,$ 80.58
06/02/2020,$ 80.84,87642800,$ 80.19,$ 80.86,$ 79.73
06/01/2020,$ 80.46,81018600,$ 79.44,$ 80.59,$ 79.30
05/29/2020,$ 79.49,153598120,$ 79.81,$ 80.29,$ 79.12
05/28/2020,$ 79.56,133796400,$ 79.19,$ 80.86,$ 78.91
05/27/2020,$ 79.53,112945080,$ 79.04,$ 79.68,$ 78.27
05/26/2020,$ 79.18,125521800,$ 80.88,$ 81.06,$ 79.13
05/22/2020,$ 79.72,81803000,$ 78.94,$ 79.81,$ 78.84
05/21/2020,$ 79.21,102688840,$ 79.67,$ 80.22,$ 78.97
05/20/2020,$ 79.81,111504880,$ 79.17,$ 79.88,$ 79.05
05/19/2020,$ 78.29,101729560,$ 78.76,$ 79.63,$ 78.25
05/18/2020,$ 78.74,135372520,$ 78.29,$ 79.13,$ 77.58
05/15/2020,$ 76.93,166348360,$ 75.09,$ 76.98,$ 75.05
05/14/2020,$ 77.39,158929080,$ 76.13,$ 77.45,$ 75.38
05/13/2020,$ 76.91,200622560,$ 78.04,$ 78.99,$ 75.80
05/12/2020,$ 77.85,162301040,$ 79.46,$ 79.92,$ 77.73
05/11/2020,$ 78.75,145946240,$ 77.03,$ 79.26,$ 76.81
05/08/2020,$ 77.53,134047960,$ 76.41,$ 77.59,$ 76.07
05/07/2020,$ 75.94,115215040,$ 75.81,$ 76.29,$ 75.49
05/06/2020,$ 75.16,142333760,$ 75.12,$ 75.81,$ 74.72
05/05/2020,$ 74.39,147751200,$ 73.77,$ 75.25,$ 73.62
05/04/2020,$ 73.29,133567960,$ 72.29,$ 73.42,$ 71.58
05/01/2020,$ 72.27,240616720,$ 71.56,$ 74.75,$ 71.46
04/30/2020,$ 73.45,183063880,$ 72.49,$ 73.63,$ 72.09
04/29/2020,$ 71.93,137280800,$ 71.18,$ 72.42,$ 70.97
04/28/2020,$ 69.65,112004760,$ 71.27,$ 71.46,$ 69.55
04/27/2020,$ 70.79,117087560,$ 70.45,$ 71.14,$ 69.99
04/24/2020,$ 70.74,126508720,$ 69.30,$ 70.75,$ 69.25
04/23/2020,$ 68.76,124814320,$ 68.97,$ 70.44,$ 68.72
04/22/2020,$ 69.03,117057360,$ 68.40,$ 69.48,$ 68.05
04/21/2020,$ 67.09,180991560,$ 69.07,$ 69.31,$ 66.36
04/20/2020,$ 69.23,130015000,$ 69.49,$ 70.42,$ 69.21
04/17/2020,$ 70.70,215249920,$ 71.17,$ 71.74,$ 69.22
04/16/2020,$ 71.67,157125160,$ 71.85,$ 72.05,$ 70.59
04/15/2020,$ 71.11,131154560,$ 70.60,$ 71.58,$ 70.16
04/14/2020,$ 71.76,194994680,$ 70.00,$ 72.06,$ 69.51
04/13/2020,$ 68.31,131022920,$ 67.08,$ 68.43,$ 66.46
04/09/2020,$ 67.00,162116480,$ 67.18,$ 67.52,$ 66.18
04/08/2020,$ 66.52,168895280,$ 65.69,$ 66.84,$ 65.31
04/07/2020,$ 64.86,202887320,$ 67.70,$ 67.93,$ 64.75
04/06/2020,$ 65.62,201820280,$ 62.73,$ 65.78,$ 62.35
04/03/2020,$ 60.35,129880080,$ 60.70,$ 61.43,$ 59.74
04/02/2020,$ 61.23,165933960,$ 60.09,$ 61.29,$ 59.23
04/01/2020,$ 60.23,176218560,$ 61.63,$ 62.18,$ 59.78
03/31/2020,$ 63.57,197002000,$ 63.90,$ 65.62,$ 63.00
03/30/2020,$ 63.70,167976440,$ 62.69,$ 63.88,$ 62.35
03/27/2020,$ 61.94,204216600,$ 63.19,$ 63.97,$ 61.76
03/26/2020,$ 64.61,252560680,$ 61.63,$ 64.67,$ 61.59
03/25/2020,$ 61.38,303602040,$ 62.69,$ 64.56,$ 61.08
03/24/2020,$ 61.72,287531080,$ 59.09,$ 61.92,$ 58.58
03/23/2020,$ 56.09,336752840,$ 57.02,$ 57.12,$ 53.15
03/20/2020,$ 57.31,401693200,$ 61.80,$ 62.96,$ 57.00
03/19/2020,$ 61.20,271857040,$ 61.85,$ 63.21,$ 60.65
03/18/2020,$ 61.67,300233640,$ 59.94,$ 62.50,$ 59.28
03/17/2020,$ 63.22,324055880,$ 61.88,$ 64.40,$ 59.60
03/16/2020,$ 60.55,322423480,$ 60.49,$ 64.77,$ 60.00
03/13/2020,$ 69.49,370732120,$ 66.22,$ 69.98,$ 63.24
03/12/2020,$ 62.06,418474000,$ 63.99,$ 67.50,$ 62.00
03/11/2020,$ 68.86,256379880,$ 69.35,$ 70.31,$ 67.97
03/10/2020,$ 71.34,285290080,$ 69.29,$ 71.61,$ 67.34
03/09/2020,$ 66.54,286744840,$ 65.94,$ 69.52,$ 65.75
03/06/2020,$ 72.26,226177000,$ 70.50,$ 72.71,$ 70.31
03/05/2020,$ 73.23,187572880,$ 73.88,$ 74.89,$ 72.85
03/04/2020,$ 75.69,219178280,$ 74.11,$ 75.85,$ 73.28
03/03/2020,$ 72.33,319475400,$ 75.92,$ 76.00,$ 71.45
03/02/2020,$ 74.70,341397360,$ 70.57,$ 75.36,$ 69.43
02/28/2020,$ 68.34,426884800,$ 64.32,$ 69.60,$ 64.09
02/27/2020,$ 68.38,320605520,$ 70.28,$ 71.50,$ 68.24
02/26/2020,$ 73.16,198713720,$ 71.63,$ 74.47,$ 71.63
02/25/2020,$ 72.02,230673440,$ 75.24,$ 75.63,$ 71.53
02/24/2020,$ 74.55,222195320,$ 74.32,$ 76.05,$ 72.31
02/21/2020,$ 78.26,129705680,$ 79.66,$ 80.11,$ 77.63
02/20/2020,$ 80.08,100565960,$ 80.66,$ 81.16,$ 79.55
02/19/2020,$ 80.91,93983960,$ 80.00,$ 81.14,$ 80.00
02/18/2020,$ 79.75,152762200,$ 78.84,$ 79.94,$ 78.65
02/14/2020,$ 81.24,80113800,$ 81.19,$ 81.50,$ 80.71
02/13/2020,$ 81.22,94747560,$ 81.05,$ 81.56,$ 80.84
02/12/2020,$ 81.80,113730280,$ 80.37,$ 81.81,$ 80.37
02/11/2020,$ 79.90,94323120,$ 80.90,$ 80.98,$ 79.68
02/10/2020,$ 80.39,109348880,$ 78.55,$ 80.39,$ 78.46
02/07/2020,$ 80.01,117684040,$ 80.59,$ 80.85,$ 79.50
02/06/2020,$ 81.30,105425560,$ 80.64,$ 81.31,$ 80.07
02/05/2020,$ 80.36,118826880,$ 80.88,$ 81.19,$ 79.74
02/04/2020,$ 79.71,136616520,$ 78.83,$ 79.91,$ 78.41
02/03/2020,$ 77.17,173985600,$ 76.08,$ 78.37,$ 75.56
01/31/2020,$ 77.38,199588400,$ 80.23,$ 80.67,$ 77.07
01/30/2020,$ 80.97,126743240,$ 80.14,$ 81.02,$ 79.69
01/29/2020,$ 81.09,216599720,$ 81.11,$ 81.96,$ 80.35
01/28/2020,$ 79.42,162233960,$ 78.15,$ 79.60,$ 78.05
01/27/2020,$ 77.24,161940040,$ 77.52,$ 77.94,$ 76.22
01/24/2020,$ 79.58,146537520,$ 80.06,$ 80.83,$ 79.38
01/23/2020,$ 79.81,104471960,$ 79.48,$ 79.89,$ 78.91
01/22/2020,$ 79.43,101832480,$ 79.65,$ 80.00,$ 79.33
01/21/2020,$ 79.14,110843240,$ 79.30,$ 79.76,$ 79.00
01/17/2020,$ 79.68,137816480,$ 79.07,$ 79.69,$ 78.75
01/16/2020,$ 78.81,108829000,$ 78.40,$ 78.93,$ 78.02
01/15/2020,$ 77.84,121923520,$ 77.96,$ 78.88,$ 77.39
01/14/2020,$ 78.17,162613840,$ 79.18,$ 79.39,$ 78.04
01/13/2020,$ 79.24,122086880,$ 77.91,$ 79.27,$ 77.79
01/10/2020,$ 77.58,140869080,$ 77.65,$ 78.17,$ 77.06
01/09/2020,$ 77.41,170486160,$ 76.81,$ 77.61,$ 76.55
01/08/2020,$ 75.80,132363800,$ 74.29,$ 76.11,$ 74.29
01/07/2020,$ 74.60,111510640,$ 74.96,$ 75.23,$ 74.37
01/06/2020,$ 74.95,118578560,$ 73.45,$ 74.99,$ 73.19
01/03/2020,$ 74.36,146535520,$ 74.29,$ 75.15,$ 74.13
01/02/2020,$ 75.09,135647440,$ 74.06,$ 75.15,$ 73.80
12/31/2019,$ 73.41,100990520,$ 72.48,$ 73.42,$ 72.38
12/30/2019,$ 72.88,144238440,$ 72.37,$ 73.17,$ 71.31
12/27/2019,$ 72.45,146371760,$ 72.78,$ 73.49,$ 72.03
12/26/2019,$ 72.48,93336000,$ 71.21,$ 72.50,$ 71.18
12/24/2019,$ 71.07,48478840,$ 71.17,$ 71.22,$ 70.73
12/23/2019,$ 71.00,98711520,$ 70.13,$ 71.06,$ 70.09
12/20/2019,$ 69.86,276130960,$ 70.56,$ 70.66,$ 69.64
12/19/2019,$ 70.01,98507800,$ 69.88,$ 70.30,$ 69.74
12/18/2019,$ 69.94,116098760,$ 69.95,$ 70.48,$ 69.78
12/17/2019,$ 70.10,114303200,$ 69.89,$ 70.44,$ 69.70
12/16/2019,$ 69.97,128324440,$ 69.25,$ 70.20,$ 69.25
12/13/2019,$ 68.79,133731240,$ 67.87,$ 68.83,$ 67.73
12/12/2019,$ 67.87,137748160,$ 66.95,$ 68.14,$ 66.83
12/11/2019,$ 67.69,78893560,$ 67.20,$ 67.78,$ 67.13
12/10/2019,$ 67.12,90529520,$ 67.15,$ 67.52,$ 66.47
12/09/2019,$ 66.73,128730600,$ 67.50,$ 67.70,$ 66.23
12/06/2019,$ 67.68,106189960,$ 66.87,$ 67.75,$ 66.83
12/05/2019,$ 66.40,74645360,$ 65.95,$ 66.47,$ 65.68
12/04/2019,$ 65.44,67241560,$ 65.27,$ 65.83,$ 65.17
12/03/2019,$ 64.86,117509080,$ 64.58,$ 64.88,$ 64.07
12/02/2019,$ 66.04,94774200,$ 66.82,$ 67.06,$ 65.86
11/29/2019,$ 66.81,46617440,$ 66.65,$ 67.00,$ 66.48
11/27/2019,$ 66.96,65544480,$ 66.40,$ 67.00,$ 66.33
11/26/2019,$ 66.07,105339520,$ 66.74,$ 66.79,$ 65.63
11/25/2019,$ 66.59,84118080,$ 65.68,$ 66.61,$ 65.63
11/22/2019,$ 65.45,65325040,$ 65.65,$ 65.80,$ 65.21
11/21/2019,$ 65.50,121395120,$ 65.92,$ 66.00,$ 65.30
11/20/2019,$ 65.80,106439680,$ 66.39,$ 66.52,$ 65.10
11/19/2019,$ 66.57,76278400,$ 66.98,$ 67.00,$ 66.35
11/18/2019,$ 66.78,86803600,$ 66.45,$ 66.86,$ 66.06
11/15/2019,$ 66.44,100374680,$ 65.92,$ 66.45,$ 65.75
11/14/2019,$ 65.66,89582240,$ 65.94,$ 66.22,$ 65.53
11/13/2019,$ 66.12,103270360,$ 65.28,$ 66.20,$ 65.27
11/12/2019,$ 65.49,87388920,$ 65.39,$ 65.70,$ 65.23
11/11/2019,$ 65.55,82029840,$ 64.58,$ 65.62,$ 64.57
11/08/2019,$ 65.04,70082000,$ 64.67,$ 65.11,$ 64.21
11/07/2019,$ 64.86,94940320,$ 64.69,$ 65.09,$ 64.53
11/06/2019,$ 64.31,75864480,$ 64.19,$ 64.37,$ 63.84
11/05/2019,$ 64.28,79897720,$ 64.26,$ 64.55,$ 64.08
11/04/2019,$ 64.38,103271800,$ 64.33,$ 64.46,$ 63.85
11/01/2019,$ 63.96,151125320,$ 62.39,$ 63.98,$ 62.29
10/31/2019,$ 62.19,139162080,$ 61.81,$ 62.29,$ 59.32
10/30/2019,$ 60.82,124522080,$ 61.19,$ 61.33,$ 60.30
10/29/2019,$ 60.82,142839480,$ 62.24,$ 62.44,$ 60.64
10/28/2019,$ 62.26,96572960,$ 61.86,$ 62.31,$ 61.68
10/25/2019,$ 61.65,73477200,$ 60.79,$ 61.68,$ 60.72
10/24/2019,$ 60.90,71665040,$ 61.13,$ 61.20,$ 60.45
10/23/2019,$ 60.80,79730200,$ 60.53,$ 60.81,$ 60.31
10/22/2019,$ 59.99,90736000,$ 60.29,$ 60.55,$ 59.91
10/21/2019,$ 60.13,89469920,$ 59.38,$ 60.25,$ 59.33
10/18/2019,$ 59.10,97508680,$ 58.65,$ 59.40,$ 58.57
10/17/2019,$ 58.82,69091600,$ 58.77,$ 59.04,$ 58.38
10/16/2019,$ 58.59,77146760,$ 58.34,$ 58.81,$ 58.30
10/15/2019,$ 58.83,92161920,$ 59.10,$ 59.41,$ 58.72
10/14/2019,$ 58.97,97653920,$ 58.73,$ 59.53,$ 58.67
10/11/2019,$ 59.05,167960840,$ 58.24,$ 59.41,$ 58.08
10/10/2019,$ 57.52,115851920,$ 56.98,$ 57.61,$ 56.83
10/09/2019,$ 56.76,76117680,$ 56.76,$ 56.95,$ 56.41
10/08/2019,$ 56.10,117130800,$ 56.46,$ 57.02,$ 56.08
10/07/2019,$ 56.77,123557080,$ 56.57,$ 57.48,$ 56.46
10/04/2019,$ 56.75,139022200,$ 56.41,$ 56.87,$ 55.97
10/03/2019,$ 55.21,121410760,$ 54.61,$ 55.24,$ 53.78
10/02/2019,$ 54.74,143069040,$ 55.77,$ 55.90,$ 54.48
10/01/2019,$ 56.15,144748640,$ 56.27,$ 57.06,$ 56.05
09/30/2019,$ 55.99,105274320,$ 55.23,$ 56.15,$ 55.20
09/27/2019,$ 54.71,101445160,$ 55.14,$ 55.24,$ 54.32
09/26/2019,$ 54.97,76353240,$ 55.00,$ 55.24,$ 54.71
09/25/2019,$ 55.26,89924040,$ 54.64,$ 55.38,$ 54.29
09/24/2019,$ 54.42,125737480,$ 55.26,$ 55.62,$ 54.30
09/23/2019,$ 54.68,77678600,$ 54.74,$ 54.96,$ 54.41
09/20/2019,$ 54.43,231908360,$ 55.35,$ 55.64,$ 54.37
09/19/2019,$ 55.24,88751520,$ 55.50,$ 55.94,$ 55.09
09/18/2019,$ 55.69,102572360,$ 55.27,$ 55.71,$ 54.86
09/17/2019,$ 55.18,73545880,$ 54.99,$ 55.21,$ 54.78
09/16/2019,$ 54.98,84632560,$ 54.43,$ 55.03,$ 54.39
09/13/2019,$ 54.69,159053200,$ 55.00,$ 55.20,$ 54.26
09/12/2019,$ 55.77,128906680,$ 56.20,$ 56.61,$ 55.72
09/11/2019,$ 55.90,177158600,$ 54.52,$ 55.93,$ 54.43
09/10/2019,$ 54.18,127111720,$ 53.47,$ 54.20,$ 52.93
09/09/2019,$ 53.54,109237600,$ 53.71,$ 54.11,$ 52.77
09/06/2019,$ 53.32,77449160,$ 53.51,$ 53.61,$ 53.13
09/05/2019,$ 53.32,95787520,$ 53.00,$ 53.49,$ 52.88
09/04/2019,$ 52.30,76867280,$ 52.10,$ 52.37,$ 51.83
09/03/2019,$ 51.43,80238280,$ 51.61,$ 51.75,$ 51.06
08/30/2019,$ 52.19,84650240,$ 52.54,$ 52.61,$ 51.80
08/29/2019,$ 52.25,84030600,$ 52.13,$ 52.33,$ 51.66
08/28/2019,$ 51.38,63830520,$ 51.03,$ 51.43,$ 50.83
08/27/2019,$ 51.04,103589360,$ 51.97,$ 52.14,$ 50.88
08/26/2019,$ 51.62,104264520,$ 51.47,$ 51.80,$ 51.26
08/23/2019,$ 50.66,187531360,$ 52.36,$ 53.01,$ 50.25
08/22/2019,$ 53.12,89071280,$ 53.30,$ 53.61,$ 52.69
08/21/2019,$ 53.16,86259000,$ 53.25,$ 53.41,$ 52.90
08/20/2019,$ 52.59,107678120,$ 52.72,$ 53.34,$ 52.58
08/19/2019,$ 52.59,97727680,$ 52.66,$ 53.18,$ 52.51
08/16/2019,$ 51.63,115254480,$ 51.07,$ 51.79,$ 50.96
08/15/2019,$ 50.44,111533440,$ 50.87,$ 51.29,$ 49.92
08/14/2019,$ 50.69,146189760,$ 50.79,$ 51.61,$ 50.65
08/13/2019,$ 52.24,190159160,$ 50.26,$ 53.04,$ 50.21
08/12/2019,$ 50.12,89927560,$ 49.91,$ 50.51,$ 49.79
08/09/2019,$ 50.25,98479000,$ 50.33,$ 50.69,$ 49.82
08/08/2019,$ 50.86,108038080,$ 50.05,$ 50.88,$ 49.85
08/07/2019,$ 49.76,133457600,$ 48.85,$ 49.89,$ 48.46
08/06/2019,$ 49.25,143299160,$ 49.08,$ 49.52,$ 48.51
08/05/2019,$ 48.34,209571880,$ 49.50,$ 49.66,$ 48.15
08/02/2019,$ 51.01,163448480,$ 51.38,$ 51.61,$ 50.41
08/01/2019,$ 52.11,216071680,$ 53.48,$ 54.51,$ 51.69
07/31/2019,$ 53.26,277125440,$ 54.11,$ 55.34,$ 52.83
07/30/2019,$ 52.20,135742880,$ 52.19,$ 52.54,$ 51.83
07/29/2019,$ 52.42,86693560,$ 52.12,$ 52.66,$ 52.11
07/26/2019,$ 51.94,70475480,$ 51.87,$ 52.43,$ 51.79
07/25/2019,$ 51.76,55638240,$ 52.22,$ 52.31,$ 51.68
07/24/2019,$ 52.17,59966280,$ 51.92,$ 52.29,$ 51.79
07/23/2019,$ 52.21,73420840,$ 52.12,$ 52.23,$ 51.82
07/22/2019,$ 51.81,89111720,$ 50.91,$ 51.81,$ 50.90
07/19/2019,$ 50.65,83717240,$ 51.45,$ 51.63,$ 50.59
07/18/2019,$ 51.42,74328640,$ 51.00,$ 51.47,$ 50.93
07/17/2019,$ 50.84,56429800,$ 51.01,$ 51.27,$ 50.82
07/16/2019,$ 51.13,67467280,$ 51.15,$ 51.53,$ 50.88
07/15/2019,$ 51.30,67789680,$ 51.02,$ 51.47,$ 51.00
07/12/2019,$ 50.83,70380840,$ 50.61,$ 51.00,$ 50.55
07/11/2019,$ 50.44,80767360,$ 50.83,$ 51.10,$ 50.43
07/10/2019,$ 50.81,71588560,$ 50.46,$ 50.93,$ 50.39
07/09/2019,$ 50.31,82312080,$ 49.80,$ 50.38,$ 49.70
07/08/2019,$ 50.01,101354520,$ 50.20,$ 50.35,$ 49.60
07/05/2019,$ 51.06,69062080,$ 50.84,$ 51.27,$ 50.73
07/03/2019,$ 51.10,45448200,$ 50.82,$ 51.11,$ 50.67
07/02/2019,$ 50.68,67740880,$ 50.35,$ 50.78,$ 50.34
07/01/2019,$ 50.39,109266960,$ 50.79,$ 51.12,$ 50.16
06/28/2019,$ 49.48,124442560,$ 49.67,$ 49.87,$ 49.26
06/27/2019,$ 49.94,83598880,$ 50.07,$ 50.39,$ 49.89
06/26/2019,$ 49.95,104270040,$ 49.44,$ 50.25,$ 49.34
06/25/2019,$ 48.89,84281320,$ 49.61,$ 49.82,$ 48.82
06/24/2019,$ 49.65,72881680,$ 49.64,$ 50.04,$ 49.54
06/21/2019,$ 49.70,191202360,$ 49.70,$ 50.21,$ 49.54
06/20/2019,$ 49.87,86055960,$ 50.09,$ 50.15,$ 49.51
06/19/2019,$ 49.47,84496960,$ 49.92,$ 49.97,$ 49.33
06/18/2019,$ 49.61,106204000,$ 49.01,$ 50.07,$ 48.80
06/17/2019,$ 48.47,58676560,$ 48.23,$ 48.74,$ 48.04
06/14/2019,$ 48.19,75045880,$ 47.89,$ 48.40,$ 47.58
06/13/2019,$ 48.54,86698520,$ 48.68,$ 49.20,$ 48.40
06/12/2019,$ 48.55,73012760,$ 48.49,$ 48.99,$ 48.35
06/11/2019,$ 48.70,107731520,$ 48.72,$ 49.00,$ 48.40
06/10/2019,$ 48.15,104883400,$ 47.95,$ 48.84,$ 47.91
06/07/2019,$ 47.54,122737560,$ 46.63,$ 47.98,$ 46.44
06/06/2019,$ 46.31,90105240,$ 45.77,$ 46.37,$ 45.54
06/05/2019,$ 45.64,119093720,$ 46.07,$ 46.25,$ 45.29
06/04/2019,$ 44.91,123871840,$ 43.86,$ 44.96,$ 43.63
06/03/2019,$ 43.33,161584280,$ 43.90,$ 44.48,$ 42.57
05/31/2019,$ 43.77,108174320,$ 44.06,$ 44.50,$ 43.75
05/30/2019,$ 44.58,84873640,$ 44.49,$ 44.81,$ 44.17
05/29/2019,$ 44.35,113924680,$ 44.11,$ 44.84,$ 44.00
05/28/2019,$ 44.56,111792640,$ 44.73,$ 45.15,$ 44.48
05/24/2019,$ 44.74,94858760,$ 45.05,$ 45.54,$ 44.66
05/23/2019,$ 44.92,146118960,$ 44.95,$ 45.14,$ 44.45
05/22/2019,$ 45.70,118994240,$ 46.17,$ 46.43,$ 45.64
05/21/2019,$ 46.65,113459400,$ 46.31,$ 47.00,$ 46.18
05/20/2019,$ 45.77,154449160,$ 45.88,$ 46.09,$ 45.07
05/17/2019,$ 47.25,131516360,$ 46.73,$ 47.73,$ 46.69
05/16/2019,$ 47.52,132125440,$ 47.48,$ 48.12,$ 47.21
05/15/2019,$ 47.73,106178880,$ 46.57,$ 47.94,$ 46.51
05/14/2019,$ 47.17,146118720,$ 46.60,$ 47.43,$ 46.35
05/13/2019,$ 46.43,229722480,$ 46.93,$ 47.37,$ 45.71
05/10/2019,$ 49.30,164834840,$ 49.35,$ 49.71,$ 48.19
05/09/2019,$ 50.18,139634440,$ 50.10,$ 50.42,$ 49.17
05/08/2019,$ 50.73,105358000,$ 50.48,$ 51.34,$ 50.44
05/07/2019,$ 50.72,155054800,$ 51.47,$ 51.85,$ 50.21
05/06/2019,$ 52.12,129772440,$ 51.07,$ 52.21,$ 50.88
05/03/2019,$ 52.94,83569520,$ 52.72,$ 52.96,$ 52.56
05/02/2019,$ 52.29,127985280,$ 52.46,$ 53.16,$ 52.03
05/01/2019,$ 52.63,259309320,$ 52.47,$ 53.83,$ 52.31
04/30/2019,$ 50.17,183004640,$ 50.77,$ 50.85,$ 49.78
04/29/2019,$ 51.15,88041440,$ 51.10,$ 51.49,$ 50.97
04/26/2019,$ 51.08,74451080,$ 51.23,$ 51.25,$ 50.53
04/25/2019,$ 51.32,73855400,$ 51.71,$ 51.94,$ 51.28
04/24/2019,$ 51.79,69710280,$ 51.84,$ 52.12,$ 51.76
04/23/2019,$ 51.87,93145520,$ 51.11,$ 51.94,$ 50.98
04/22/2019,$ 51.13,71367680,$ 50.71,$ 51.24,$ 50.59
04/18/2019,$ 50.97,96742120,$ 50.78,$ 51.04,$ 50.63
04/17/2019,$ 50.78,115461240,$ 49.89,$ 50.85,$ 49.65
04/16/2019,$ 49.81,102673320,$ 49.87,$ 50.34,$ 49.64
04/15/2019,$ 49.81,70096600,$ 49.65,$ 49.96,$ 49.50
04/12/2019,$ 49.72,110954320,$ 49.80,$ 50.04,$ 49.05
04/11/2019,$ 49.74,82172760,$ 50.21,$ 50.25,$ 49.61
04/10/2019,$ 50.16,86619000,$ 49.67,$ 50.19,$ 49.55
04/09/2019,$ 49.88,142953120,$ 50.08,$ 50.71,$ 49.81
04/08/2019,$ 50.03,103319520,$ 49.11,$ 50.06,$ 49.09
04/05/2019,$ 49.25,73892280,$ 49.11,$ 49.28,$ 48.98
04/04/2019,$ 48.92,76360200,$ 48.70,$ 49.09,$ 48.29
04/03/2019,$ 48.84,92972640,$ 48.31,$ 49.13,$ 48.29
04/02/2019,$ 48.51,90909480,$ 47.77,$ 48.62,$ 47.76
04/01/2019,$ 47.81,109232800,$ 47.91,$ 47.92,$ 47.10
03/29/2019,$ 47.49,94099320,$ 47.46,$ 47.52,$ 47.14
03/28/2019,$ 47.18,82841560,$ 47.24,$ 47.39,$ 46.88
03/27/2019,$ 47.12,119084840,$ 47.19,$ 47.44,$ 46.64
03/26/2019,$ 46.70,198784400,$ 47.92,$ 48.22,$ 46.15
03/25/2019,$ 47.19,175007240,$ 47.88,$ 48.00,$ 46.65
03/22/2019,$ 47.76,169150560,$ 48.84,$ 49.42,$ 47.70
03/21/2019,$ 48.77,203772480,$ 47.51,$ 49.08,$ 47.45
03/20/2019,$ 47.04,124013520,$ 46.56,$ 47.37,$ 46.18
03/19/2019,$ 46.63,125761200,$ 47.09,$ 47.25,$ 46.48
03/18/2019,$ 47.01,104594360,$ 46.45,$ 47.10,$ 46.45
03/15/2019,$ 46.53,156069960,$ 46.21,$ 46.83,$ 45.94
03/14/2019,$ 45.93,94110640,$ 45.98,$ 46.03,$ 45.64
03/13/2019,$ 45.43,123718960,$ 45.56,$ 45.83,$ 45.23
03/12/2019,$ 45.23,129667200,$ 45.00,$ 45.67,$ 44.84
03/11/2019,$ 44.73,124492000,$ 43.87,$ 44.78,$ 43.84
03/08/2019,$ 43.23,95943840,$ 42.58,$ 43.27,$ 42.38
03/07/2019,$ 43.13,99021880,$ 43.47,$ 43.61,$ 43.01
03/06/2019,$ 43.63,83020560,$ 43.67,$ 43.87,$ 43.49
03/05/2019,$ 43.88,76953920,$ 43.99,$ 44.00,$ 43.64
03/04/2019,$ 43.96,109652240,$ 43.92,$ 44.44,$ 43.49
03/01/2019,$ 43.74,102950240,$ 43.57,$ 43.79,$ 43.22
02/28/2019,$ 43.29,111815240,$ 43.58,$ 43.73,$ 43.23
02/27/2019,$ 43.72,111270560,$ 43.30,$ 43.75,$ 43.18
02/26/2019,$ 43.58,67966440,$ 43.43,$ 43.83,$ 43.29
02/25/2019,$ 43.56,87385600,$ 43.54,$ 43.97,$ 43.49
02/22/2019,$ 43.24,75561000,$ 42.90,$ 43.25,$ 42.85
02/21/2019,$ 42.77,68618160,$ 42.95,$ 43.09,$ 42.58
02/20/2019,$ 43.01,101295560,$ 42.80,$ 43.33,$ 42.75
02/19/2019,$ 42.73,75834280,$ 42.43,$ 42.86,$ 42.37
02/15/2019,$ 42.61,98413280,$ 42.81,$ 42.93,$ 42.44
02/14/2019,$ 42.70,87140720,$ 42.43,$ 42.82,$ 42.35
02/13/2019,$ 42.55,89558640,$ 42.85,$ 43.12,$ 42.48
02/12/2019,$ 42.72,88897600,$ 42.53,$ 42.75,$ 42.43
02/11/2019,$ 42.36,83760080,$ 42.76,$ 42.80,$ 42.31
02/08/2019,$ 42.60,95175320,$ 42.25,$ 42.67,$ 42.11
02/07/2019,$ 42.74,126576960,$ 43.10,$ 43.49,$ 42.59
02/06/2019,$ 43.56,112818560,$ 43.66,$ 43.89,$ 43.21
02/05/2019,$ 43.55,144218280,$ 43.22,$ 43.77,$ 43.09
02/04/2019,$ 42.81,125538880,$ 41.85,$ 42.91,$ 41.82
02/01/2019,$ 41.63,130578360,$ 41.74,$ 42.25,$ 41.48
01/31/2019,$ 41.61,162453040,$ 41.53,$ 42.25,$ 41.14
01/30/2019,$ 41.31,243201920,$ 40.81,$ 41.54,$ 40.06
01/29/2019,$ 38.67,159659400,$ 39.06,$ 39.53,$ 38.53
01/28/2019,$ 39.08,104589120,$ 38.95,$ 39.08,$ 38.42
01/25/2019,$ 39.44,134035840,$ 38.87,$ 39.53,$ 38.58
01/24/2019,$ 38.18,101672440,$ 38.53,$ 38.62,$ 37.94
01/23/2019,$ 38.48,92186240,$ 38.54,$ 38.79,$ 37.93
01/22/2019,$ 38.33,121095960,$ 39.10,$ 39.18,$ 38.16
01/18/2019,$ 39.21,133037840,$ 39.38,$ 39.47,$ 39.00
01/17/2019,$ 38.97,118464760,$ 38.55,$ 39.42,$ 38.32
01/16/2019,$ 38.74,121932480,$ 38.27,$ 38.97,$ 38.25
01/15/2019,$ 38.27,113799760,$ 37.57,$ 38.35,$ 37.51
01/14/2019,$ 37.50,128074160,$ 37.71,$ 37.82,$ 37.31
01/11/2019,$ 38.07,107698520,$ 38.22,$ 38.43,$ 37.88
01/10/2019,$ 38.45,142644800,$ 38.13,$ 38.49,$ 37.72
01/09/2019,$ 38.33,180137480,$ 37.82,$ 38.63,$ 37.41
01/08/2019,$ 37.69,162491640,$ 37.39,$ 37.96,$ 37.13
01/07/2019,$ 36.98,218285760,$ 37.18,$ 37.21,$ 36.48
01/04/2019,$ 37.07,229694600,$ 36.13,$ 37.14,$ 35.95
01/03/2019,$ 35.55,364427360,$ 36.00,$ 36.43,$ 35.50
01/02/2019,$ 39.48,142548280,$ 38.72,$ 39.71,$ 38.56
12/31/2018,$ 39.44,137997560,$ 39.63,$ 39.84,$ 39.12
12/28/2018,$ 39.06,166962400,$ 39.38,$ 39.63,$ 38.64
12/27/2018,$ 39.04,206435400,$ 38.96,$ 39.19,$ 37.52
12/26/2018,$ 39.29,232535400,$ 37.08,$ 39.31,$ 36.68
12/24/2018,$ 36.71,148676920,$ 37.04,$ 37.89,$ 36.65
12/21/2018,$ 37.68,381991600,$ 39.22,$ 39.54,$ 37.41
12/20/2018,$ 39.21,257592920,$ 40.10,$ 40.53,$ 38.83
12/19/2018,$ 40.22,190390680,$ 41.50,$ 41.86,$ 39.77
12/18/2018,$ 41.52,135013960,$ 41.35,$ 41.88,$ 41.10
12/17/2018,$ 40.99,173001680,$ 41.36,$ 42.09,$ 40.68
12/14/2018,$ 41.37,162481440,$ 42.25,$ 42.27,$ 41.32
12/13/2018,$ 42.74,127016840,$ 42.62,$ 43.14,$ 42.39
12/12/2018,$ 42.28,141898720,$ 42.60,$ 42.98,$ 42.26
12/11/2018,$ 42.16,183872160,$ 42.92,$ 42.95,$ 41.75
12/10/2018,$ 42.40,247036000,$ 41.25,$ 42.52,$ 40.83
12/07/2018,$ 42.12,166714720,$ 43.37,$ 43.62,$ 42.08
12/06/2018,$ 43.68,170819640,$ 42.94,$ 43.70,$ 42.61
12/04/2018,$ 44.17,164565000,$ 45.24,$ 45.60,$ 44.07
12/03/2018,$ 46.21,162150800,$ 46.12,$ 46.24,$ 45.30
11/30/2018,$ 44.65,157697040,$ 45.07,$ 45.08,$ 44.26
11/29/2018,$ 44.89,166094320,$ 45.67,$ 45.70,$ 44.43
11/28/2018,$ 45.24,183767000,$ 44.18,$ 45.32,$ 43.73
11/27/2018,$ 43.56,164624560,$ 42.88,$ 43.69,$ 42.72
11/26/2018,$ 43.66,178649280,$ 43.56,$ 43.74,$ 42.57
11/23/2018,$ 43.07,94495880,$ 43.74,$ 44.15,$ 43.03
11/21/2018,$ 44.20,124384960,$ 44.93,$ 45.07,$ 44.14
11/20/2018,$ 44.25,270714720,$ 44.59,$ 45.37,$ 43.88
11/19/2018,$ 46.47,166507280,$ 47.50,$ 47.68,$ 46.25
11/16/2018,$ 48.38,144765320,$ 47.63,$ 48.74,$ 47.37
11/15/2018,$ 47.85,185086640,$ 47.10,$ 47.99,$ 46.73
11/14/2018,$ 46.70,242189360,$ 48.48,$ 48.62,$ 46.48
11/13/2018,$ 48.06,186902840,$ 47.91,$ 49.30,$ 47.86
11/12/2018,$ 48.54,203964120,$ 49.75,$ 49.96,$ 48.45
11/09/2018,$ 51.12,137271040,$ 51.39,$ 51.50,$ 50.56
11/08/2018,$ 52.12,101157080,$ 52.50,$ 52.53,$ 51.69
11/07/2018,$ 52.49,133166560,$ 51.49,$ 52.52,$ 51.03
11/06/2018,$ 50.94,127098880,$ 50.48,$ 51.18,$ 50.42
11/05/2018,$ 50.40,264288680,$ 51.08,$ 51.10,$ 49.54
11/02/2018,$ 51.87,364186240,$ 52.39,$ 53.41,$ 51.36
11/01/2018,$ 55.56,211816280,$ 54.76,$ 55.59,$ 54.20
10/31/2018,$ 54.72,152067240,$ 54.22,$ 55.11,$ 54.16
10/30/2018,$ 53.33,145951720,$ 52.79,$ 53.80,$ 52.32
10/29/2018,$ 53.06,182854760,$ 54.80,$ 54.92,$ 51.52
10/26/2018,$ 54.08,188766800,$ 53.98,$ 55.05,$ 53.17
10/25/2018,$ 54.95,116109360,$ 54.43,$ 55.35,$ 54.19
10/24/2018,$ 53.77,159968480,$ 55.65,$ 56.06,$ 53.64
10/23/2018,$ 55.68,154724680,$ 53.96,$ 55.81,$ 53.68
10/22/2018,$ 55.16,115006160,$ 54.95,$ 55.84,$ 54.74
10/19/2018,$ 54.83,131497320,$ 54.52,$ 55.32,$ 54.36
10/18/2018,$ 54.01,129557120,$ 54.47,$ 54.94,$ 53.25
10/17/2018,$ 55.30,90771520,$ 55.58,$ 55.66,$ 54.84
10/16/2018,$ 55.54,115210200,$ 54.73,$ 55.75,$ 54.19
10/15/2018,$ 54.34,121121800,$ 55.29,$ 55.46,$ 54.32
10/12/2018,$ 55.53,157979080,$ 55.11,$ 55.72,$ 54.21
10/11/2018,$ 53.61,211609280,$ 53.63,$ 54.88,$ 53.08
10/10/2018,$ 54.09,164336280,$ 56.37,$ 56.59,$ 54.01
10/09/2018,$ 56.72,106626520,$ 55.91,$ 56.82,$ 55.56
10/08/2018,$ 55.94,115138200,$ 55.55,$ 56.20,$ 55.05
10/05/2018,$ 56.07,134031080,$ 56.99,$ 57.10,$ 55.15
10/04/2018,$ 57.00,127844480,$ 57.70,$ 58.09,$ 56.68
10/03/2018,$ 58.02,114161960,$ 57.51,$ 58.37,$ 57.45
10/02/2018,$ 57.32,97740040,$ 56.81,$ 57.50,$ 56.66
10/01/2018,$ 56.82,92684080,$ 56.99,$ 57.36,$ 56.59
09/28/2018,$ 56.44,90241760,$ 56.20,$ 56.46,$ 56.01
09/27/2018,$ 56.24,118917080,$ 55.96,$ 56.61,$ 55.89
09/26/2018,$ 55.11,93721480,$ 55.25,$ 55.94,$ 54.94
09/25/2018,$ 55.55,91244560,$ 54.94,$ 55.71,$ 54.93
09/24/2018,$ 55.20,110325080,$ 54.21,$ 55.32,$ 54.16
09/21/2018,$ 54.42,382336320,$ 55.20,$ 55.34,$ 54.32
09/20/2018,$ 55.01,105552200,$ 55.06,$ 55.57,$ 54.79
09/19/2018,$ 54.59,107479520,$ 54.63,$ 54.91,$ 53.83
09/18/2018,$ 54.56,125982520,$ 54.45,$ 55.46,$ 54.28
09/17/2018,$ 54.47,147240480,$ 55.54,$ 55.74,$ 54.32
09/14/2018,$ 55.96,127207880,$ 56.44,$ 56.71,$ 55.63
09/13/2018,$ 56.60,165645400,$ 55.88,$ 57.09,$ 55.64
09/12/2018,$ 55.27,196474040,$ 56.24,$ 56.25,$ 54.96
09/11/2018,$ 55.96,142578040,$ 54.50,$ 56.07,$ 54.14
09/10/2018,$ 54.58,156778880,$ 55.24,$ 55.46,$ 54.12
09/07/2018,$ 55.33,149675640,$ 55.46,$ 56.34,$ 55.18
09/06/2018,$ 55.78,136484960,$ 56.56,$ 56.84,$ 55.33
09/05/2018,$ 56.72,133163320,$ 57.25,$ 57.42,$ 56.28
09/04/2018,$ 57.09,109455840,$ 57.10,$ 57.30,$ 56.66
08/31/2018,$ 56.91,172710160,$ 56.63,$ 57.22,$ 56.50
08/30/2018,$ 56.26,194787840,$ 55.81,$ 57.07,$ 55.60
08/29/2018,$ 55.75,108297040,$ 55.04,$ 55.87,$ 54.85
08/28/2018,$ 54.93,91005560,$ 54.75,$ 55.14,$ 54.73
08/27/2018,$ 54.49,81603080,$ 54.29,$ 54.69,$ 54.08
08/24/2018,$ 54.04,73830880,$ 54.15,$ 54.23,$ 53.78
08/23/2018,$ 53.87,74023120,$ 53.66,$ 54.26,$ 53.65
08/22/2018,$ 53.76,75863720,$ 53.53,$ 54.09,$ 53.46
08/21/2018,$ 53.76,102730800,$ 54.20,$ 54.30,$ 53.51
08/20/2018,$ 53.87,120597640,$ 54.53,$ 54.80,$ 53.78
08/17/2018,$ 54.40,140137640,$ 53.36,$ 54.49,$ 53.29
08/16/2018,$ 53.33,110381240,$ 52.94,$ 53.45,$ 52.87
08/15/2018,$ 52.56,114380920,$ 52.31,$ 52.69,$ 52.08
08/14/2018,$ 52.44,82717080,$ 52.54,$ 52.64,$ 52.07
08/13/2018,$ 52.22,103458040,$ 51.93,$ 52.74,$ 51.93
08/10/2018,$ 51.88,98369840,$ 51.84,$ 52.28,$ 51.67
08/09/2018,$ 52.22,93558120,$ 51.82,$ 52.45,$ 51.80
08/08/2018,$ 51.81,89975000,$ 51.51,$ 51.95,$ 51.13
08/07/2018,$ 51.78,102102600,$ 52.33,$ 52.38,$ 51.69
08/06/2018,$ 52.27,101584400,$ 52.00,$ 52.31,$ 51.77
08/03/2018,$ 52.00,133632200,$ 51.76,$ 52.19,$ 51.37
08/02/2018,$ 51.85,249269720,$ 50.15,$ 52.10,$ 50.09
08/01/2018,$ 50.38,271249120,$ 49.78,$ 50.44,$ 49.33
07/31/2018,$ 47.57,151389040,$ 47.58,$ 48.04,$ 47.34
07/30/2018,$ 47.48,83651560,$ 47.98,$ 48.05,$ 47.27
07/27/2018,$ 47.75,95901400,$ 48.75,$ 48.80,$ 47.53
07/26/2018,$ 48.55,76020600,$ 48.65,$ 48.99,$ 48.40
07/25/2018,$ 48.71,66214000,$ 48.27,$ 48.71,$ 48.11
07/24/2018,$ 48.25,74723720,$ 48.11,$ 48.42,$ 48.01
07/23/2018,$ 47.90,63823280,$ 47.67,$ 47.99,$ 47.39
07/20/2018,$ 47.86,82683320,$ 47.95,$ 48.11,$ 47.54
07/19/2018,$ 47.97,80728200,$ 47.42,$ 48.14,$ 47.42
07/18/2018,$ 47.60,65462880,$ 47.95,$ 47.95,$ 47.48
07/17/2018,$ 47.86,62060000,$ 47.44,$ 47.97,$ 47.30
07/16/2018,$ 47.73,60039200,$ 47.88,$ 48.16,$ 47.60
07/13/2018,$ 47.83,50027320,$ 47.77,$ 47.96,$ 47.73
07/12/2018,$ 47.76,72000720,$ 47.38,$ 47.85,$ 47.33
07/11/2018,$ 46.97,75105560,$ 47.13,$ 47.45,$ 46.90
07/10/2018,$ 47.59,63205480,$ 47.68,$ 47.82,$ 47.55
07/09/2018,$ 47.65,78545560,$ 47.38,$ 47.67,$ 47.33
07/06/2018,$ 46.99,69704640,$ 46.36,$ 47.11,$ 46.30
07/05/2018,$ 46.35,66175520,$ 46.32,$ 46.60,$ 46.07
07/03/2018,$ 45.98,55819240,$ 46.95,$ 46.99,$ 45.89
07/02/2018,$ 46.80,70700840,$ 45.96,$ 46.83,$ 45.86
06/29/2018,$ 46.28,90206640,$ 46.57,$ 46.80,$ 45.73
06/28/2018,$ 46.38,69409520,$ 46.03,$ 46.55,$ 45.95
06/27/2018,$ 46.04,99949040,$ 46.31,$ 46.82,$ 46.01
06/26/2018,$ 46.11,97513920,$ 45.75,$ 46.63,$ 45.64
06/25/2018,$ 45.54,126529280,$ 45.85,$ 46.23,$ 45.18
06/22/2018,$ 46.23,108740520,$ 46.53,$ 46.54,$ 46.18
06/21/2018,$ 46.37,102596960,$ 46.81,$ 47.09,$ 46.24
06/20/2018,$ 46.63,81960360,$ 46.59,$ 46.80,$ 46.43
06/19/2018,$ 46.42,134154200,$ 46.29,$ 46.58,$ 45.86
06/18/2018,$ 47.19,73833640,$ 46.97,$ 47.31,$ 46.80
06/15/2018,$ 47.21,245753160,$ 47.51,$ 47.54,$ 47.07
06/14/2018,$ 47.70,86338880,$ 47.89,$ 47.89,$ 47.56
06/13/2018,$ 47.68,85920480,$ 48.11,$ 48.22,$ 47.61
06/12/2018,$ 48.07,67436080,$ 47.85,$ 48.15,$ 47.79
06/11/2018,$ 47.81,72279720,$ 47.84,$ 47.99,$ 47.55
06/08/2018,$ 47.93,106322840,$ 47.79,$ 48.00,$ 47.44
06/07/2018,$ 48.37,85316680,$ 48.54,$ 48.55,$ 48.08
06/06/2018,$ 48.50,83651280,$ 48.41,$ 48.52,$ 47.98
06/05/2018,$ 48.33,86142280,$ 48.27,$ 48.49,$ 48.09
06/04/2018,$ 47.96,104762480,$ 47.91,$ 48.36,$ 47.84
06/01/2018,$ 47.56,93510760,$ 47.00,$ 47.57,$ 46.94
05/31/2018,$ 46.72,109874800,$ 46.81,$ 47.06,$ 46.54
05/30/2018,$ 46.88,74013640,$ 46.93,$ 47.00,$ 46.70
05/29/2018,$ 46.98,89636440,$ 46.90,$ 47.19,$ 46.72
05/25/2018,$ 47.15,68747040,$ 47.06,$ 47.41,$ 46.91
05/24/2018,$ 47.04,92517600,$ 47.19,$ 47.21,$ 46.55
05/23/2018,$ 47.09,79866360,$ 46.59,$ 47.13,$ 46.44
05/22/2018,$ 46.79,60913080,$ 47.09,$ 47.22,$ 46.70
05/21/2018,$ 46.91,73532320,$ 47.00,$ 47.32,$ 46.73
05/18/2018,$ 46.58,72332320,$ 46.80,$ 46.95,$ 46.53
05/17/2018,$ 46.75,68057960,$ 47.00,$ 47.23,$ 46.59
05/16/2018,$ 47.05,76186400,$ 46.52,$ 47.12,$ 46.50
05/15/2018,$ 46.61,94556280,$ 46.70,$ 46.77,$ 46.28
05/14/2018,$ 47.04,81572280,$ 47.25,$ 47.38,$ 46.97
05/11/2018,$ 47.15,104671800,$ 47.37,$ 47.52,$ 46.86
05/10/2018,$ 47.51,111769720,$ 46.94,$ 47.59,$ 46.91
05/09/2018,$ 46.84,92565040,$ 46.64,$ 46.85,$ 46.31
05/08/2018,$ 46.51,112212920,$ 46.25,$ 46.56,$ 45.92
05/07/2018,$ 46.29,170230120,$ 46.30,$ 46.92,$ 46.19
05/04/2018,$ 45.96,224548920,$ 44.56,$ 46.06,$ 44.54
05/03/2018,$ 44.22,135776440,$ 43.97,$ 44.38,$ 43.61
05/02/2018,$ 44.14,265818880,$ 43.81,$ 44.44,$ 43.45
05/01/2018,$ 42.28,208915640,$ 41.60,$ 42.30,$ 41.32
04/30/2018,$ 41.32,167906000,$ 40.53,$ 41.82,$ 40.46
04/27/2018,$ 40.58,142468920,$ 41.00,$ 41.08,$ 40.16
04/26/2018,$ 41.06,111401480,$ 41.03,$ 41.43,$ 40.84
04/25/2018,$ 40.91,113326160,$ 40.66,$ 41.36,$ 40.60
04/24/2018,$ 40.74,134699840,$ 41.42,$ 41.58,$ 40.31
04/23/2018,$ 41.31,145586360,$ 41.71,$ 41.73,$ 41.02
04/20/2018,$ 41.43,261083800,$ 42.65,$ 42.80,$ 41.36
04/19/2018,$ 43.20,138773120,$ 43.74,$ 43.85,$ 43.17
04/18/2018,$ 44.46,82178400,$ 44.45,$ 44.71,$ 44.22
04/17/2018,$ 44.56,106300040,$ 44.12,$ 44.73,$ 44.10
04/16/2018,$ 43.96,86245280,$ 43.76,$ 44.05,$ 43.71
04/13/2018,$ 43.68,100402040,$ 43.70,$ 43.96,$ 43.46
04/12/2018,$ 43.54,91435360,$ 43.35,$ 43.75,$ 43.26
04/11/2018,$ 43.11,89604160,$ 43.06,$ 43.48,$ 42.93
04/10/2018,$ 43.31,114268440,$ 43.25,$ 43.50,$ 42.88
04/09/2018,$ 42.51,115904800,$ 42.47,$ 43.27,$ 42.46
04/06/2018,$ 42.10,139798760,$ 42.74,$ 43.12,$ 42.05
04/05/2018,$ 43.20,107001040,$ 43.15,$ 43.56,$ 43.02
04/04/2018,$ 42.90,138327400,$ 41.22,$ 43.00,$ 41.19
04/03/2018,$ 42.10,120950560,$ 41.91,$ 42.19,$ 41.22
04/02/2018,$ 41.67,149702560,$ 41.97,$ 42.24,$ 41.12
03/29/2018,$ 41.95,152465160,$ 41.95,$ 42.94,$ 41.73
03/28/2018,$ 41.62,165859520,$ 41.81,$ 42.51,$ 41.30
03/27/2018,$ 42.09,159296800,$ 43.42,$ 43.79,$ 41.73
03/26/2018,$ 43.19,147114240,$ 42.02,$ 43.28,$ 41.61
03/23/2018,$ 41.24,163938160,$ 42.10,$ 42.48,$ 41.24
03/22/2018,$ 42.21,165343920,$ 42.50,$ 43.17,$ 42.15
03/21/2018,$ 42.82,145551520,$ 43.76,$ 43.77,$ 42.82
03/20/2018,$ 43.81,78482080,$ 43.81,$ 44.20,$ 43.74
03/19/2018,$ 43.83,131724440,$ 44.33,$ 44.37,$ 43.42
03/16/2018,$ 44.51,153253320,$ 44.66,$ 44.78,$ 44.41
03/15/2018,$ 44.66,90706080,$ 44.63,$ 45.06,$ 44.52
03/14/2018,$ 44.61,117338520,$ 45.08,$ 45.13,$ 44.45
03/13/2018,$ 44.99,125856680,$ 45.65,$ 45.88,$ 44.81
03/12/2018,$ 45.43,128764280,$ 45.07,$ 45.60,$ 45.05
03/09/2018,$ 45.00,128521440,$ 44.49,$ 45.00,$ 44.35
03/08/2018,$ 44.24,98075400,$ 43.87,$ 44.28,$ 43.77
03/07/2018,$ 43.76,126745800,$ 43.74,$ 43.96,$ 43.57
03/06/2018,$ 44.17,93092640,$ 44.48,$ 44.56,$ 44.03
03/05/2018,$ 44.21,111300560,$ 43.80,$ 44.44,$ 43.63
03/02/2018,$ 44.05,153704240,$ 43.20,$ 44.08,$ 43.11
03/01/2018,$ 43.75,194824680,$ 44.64,$ 44.94,$ 43.17
02/28/2018,$ 44.53,150272320,$ 44.82,$ 45.15,$ 44.51
02/27/2018,$ 44.60,155542040,$ 44.78,$ 45.12,$ 44.54
02/26/2018,$ 44.74,149414680,$ 44.09,$ 44.85,$ 44.05
02/23/2018,$ 43.88,135088200,$ 43.42,$ 43.91,$ 43.39
02/22/2018,$ 43.13,123815040,$ 42.95,$ 43.49,$ 42.93
02/21/2018,$ 42.77,149512280,$ 43.21,$ 43.53,$ 42.75
02/20/2018,$ 42.96,134762640,$ 43.01,$ 43.57,$ 42.86
02/16/2018,$ 43.11,160455160,$ 43.09,$ 43.71,$ 42.94
02/15/2018,$ 43.25,203634160,$ 42.45,$ 43.27,$ 42.25
02/14/2018,$ 41.84,161531560,$ 40.76,$ 41.89,$ 40.72
02/13/2018,$ 41.09,129933240,$ 40.49,$ 41.19,$ 40.41
02/12/2018,$ 40.68,243099600,$ 39.63,$ 40.97,$ 39.38
02/09/2018,$ 39.10,282334120,$ 39.27,$ 39.47,$ 37.56
02/08/2018,$ 38.79,216583720,$ 40.07,$ 40.25,$ 38.76
02/07/2018,$ 39.89,205869760,$ 40.77,$ 40.85,$ 39.77
02/06/2018,$ 40.76,272687760,$ 38.71,$ 40.93,$ 38.50
02/05/2018,$ 39.12,288861280,$ 39.78,$ 40.97,$ 39.00
02/02/2018,$ 40.13,343828200,$ 41.50,$ 41.70,$ 40.03
02/01/2018,$ 41.95,177812920,$ 41.79,$ 42.16,$ 41.69
01/31/2018,$ 41.86,128938080,$ 41.72,$ 42.11,$ 41.63
01/30/2018,$ 41.74,182541880,$ 41.38,$ 41.84,$ 41.18
01/29/2018,$ 41.99,202261680,$ 42.54,$ 42.54,$ 41.77
01/26/2018,$ 42.88,156301000,$ 43.00,$ 43.00,$ 42.52
01/25/2018,$ 42.78,165753120,$ 43.63,$ 43.74,$ 42.63
01/24/2018,$ 43.56,205474160,$ 44.31,$ 44.33,$ 43.30
01/23/2018,$ 44.26,129583480,$ 44.33,$ 44.86,$ 44.21
01/22/2018,$ 44.25,108208000,$ 44.33,$ 44.45,$ 44.15
01/19/2018,$ 44.62,125225560,$ 44.65,$ 44.90,$ 44.35
01/18/2018,$ 44.82,124349320,$ 44.84,$ 45.03,$ 44.56
01/17/2018,$ 44.78,137040920,$ 44.04,$ 44.81,$ 43.77
01/16/2018,$ 44.05,118049640,$ 44.48,$ 44.85,$ 44.04
01/12/2018,$ 44.27,101208800,$ 44.05,$ 44.34,$ 43.91
01/11/2018,$ 43.82,74613520,$ 43.65,$ 43.87,$ 43.62
01/10/2018,$ 43.57,95006760,$ 43.29,$ 43.58,$ 43.25
01/09/2018,$ 43.58,86128800,$ 43.64,$ 43.77,$ 43.35
01/08/2018,$ 43.59,82095480,$ 43.59,$ 43.90,$ 43.48
01/05/2018,$ 43.75,94359720,$ 43.36,$ 43.84,$ 43.26
01/04/2018,$ 43.26,89370600,$ 43.14,$ 43.37,$ 43.02
01/03/2018,$ 43.06,117844160,$ 43.13,$ 43.64,$ 42.99
01/02/2018,$ 43.07,101602160,$ 42.54,$ 43.08,$ 42.32
12/29/2017,$ 42.31,103755040,$ 42.63,$ 42.65,$ 42.31
12/28/2017,$ 42.77,65649080,$ 42.75,$ 42.96,$ 42.62
12/27/2017,$ 42.65,85909520,$ 42.53,$ 42.70,$ 42.43
12/26/2017,$ 42.64,132453360,$ 42.70,$ 42.87,$ 42.42
12/22/2017,$ 43.75,65358760,$ 43.67,$ 43.86,$ 43.63
12/21/2017,$ 43.75,83394640,$ 43.54,$ 44.01,$ 43.53
12/20/2017,$ 43.59,93805680,$ 43.72,$ 43.86,$ 43.31
12/19/2017,$ 43.64,109574640,$ 43.76,$ 43.85,$ 43.52
12/18/2017,$ 44.11,117542600,$ 43.72,$ 44.30,$ 43.72
12/15/2017,$ 43.49,160488400,$ 43.41,$ 43.54,$ 43.12
12/14/2017,$ 43.06,81770960,$ 43.10,$ 43.28,$ 42.91
12/13/2017,$ 43.07,93610040,$ 43.13,$ 43.39,$ 43.00
12/12/2017,$ 42.93,76352680,$ 43.04,$ 43.10,$ 42.87
12/11/2017,$ 43.17,137043560,$ 42.30,$ 43.22,$ 42.20
12/08/2017,$ 42.34,93143040,$ 42.62,$ 42.75,$ 42.21
12/07/2017,$ 42.33,102624440,$ 42.26,$ 42.61,$ 42.23
12/06/2017,$ 42.25,113591240,$ 41.88,$ 42.55,$ 41.62
12/05/2017,$ 42.41,109262120,$ 42.27,$ 42.88,$ 42.10
12/04/2017,$ 42.45,130050320,$ 43.12,$ 43.16,$ 42.41
12/01/2017,$ 42.76,158940440,$ 42.49,$ 42.92,$ 42.13
11/30/2017,$ 42.96,165938160,$ 42.61,$ 43.04,$ 42.11
11/29/2017,$ 42.37,165836480,$ 43.16,$ 43.23,$ 41.79
11/28/2017,$ 43.27,105548960,$ 43.58,$ 43.72,$ 42.97
11/27/2017,$ 43.52,82364360,$ 43.76,$ 43.77,$ 43.34
11/24/2017,$ 43.74,56106680,$ 43.78,$ 43.88,$ 43.66
11/22/2017,$ 43.74,102234720,$ 43.34,$ 43.75,$ 43.26
11/21/2017,$ 43.29,100188520,$ 42.70,$ 43.43,$ 42.70
11/20/2017,$ 42.50,64166200,$ 42.57,$ 42.64,$ 42.39
11/17/2017,$ 42.54,87536040,$ 42.76,$ 42.85,$ 42.41
11/16/2017,$ 42.78,94394600,$ 42.80,$ 42.97,$ 42.58
11/15/2017,$ 42.27,115992880,$ 42.49,$ 42.58,$ 42.10
11/14/2017,$ 42.84,98733400,$ 43.26,$ 43.37,$ 42.80
11/13/2017,$ 43.49,67825160,$ 43.38,$ 43.63,$ 43.35
11/10/2017,$ 43.67,100518040,$ 43.78,$ 43.85,$ 43.57
11/09/2017,$ 43.97,117690440,$ 43.78,$ 44.02,$ 43.29
11/08/2017,$ 44.06,97435680,$ 43.67,$ 44.06,$ 43.58
11/07/2017,$ 43.70,97328480,$ 43.48,$ 43.81,$ 43.40
11/06/2017,$ 43.56,139081920,$ 43.09,$ 43.75,$ 42.93
11/03/2017,$ 43.13,237328840,$ 43.50,$ 43.57,$ 42.78
11/02/2017,$ 42.03,158672400,$ 41.91,$ 42.13,$ 41.32
11/01/2017,$ 41.72,133931880,$ 42.47,$ 42.49,$ 41.40
10/31/2017,$ 42.26,143118080,$ 41.98,$ 42.41,$ 41.74
10/30/2017,$ 41.68,178605680,$ 40.97,$ 42.02,$ 40.93
10/27/2017,$ 40.76,177551080,$ 39.82,$ 40.90,$ 39.68
10/26/2017,$ 39.35,67666600,$ 39.31,$ 39.46,$ 39.20
10/25/2017,$ 39.10,84702680,$ 39.23,$ 39.39,$ 38.82
10/24/2017,$ 39.28,70534920,$ 39.07,$ 39.36,$ 39.05
10/23/2017,$ 39.04,87555720,$ 39.22,$ 39.42,$ 38.88
10/20/2017,$ 39.06,95630160,$ 39.15,$ 39.44,$ 38.99
10/19/2017,$ 39.00,169429680,$ 39.19,$ 39.27,$ 38.76
10/18/2017,$ 39.94,65011400,$ 40.11,$ 40.18,$ 39.90
10/17/2017,$ 40.12,75878800,$ 39.95,$ 40.22,$ 39.81
10/16/2017,$ 39.97,96373200,$ 39.48,$ 40.00,$ 39.41
10/13/2017,$ 39.25,65471120,$ 39.18,$ 39.32,$ 39.10
10/12/2017,$ 39.00,65522280,$ 39.09,$ 39.34,$ 38.93
10/11/2017,$ 39.14,67445800,$ 38.99,$ 39.25,$ 38.94
10/10/2017,$ 38.98,62414080,$ 39.01,$ 39.50,$ 38.78
10/09/2017,$ 38.96,64972320,$ 38.95,$ 39.18,$ 38.87
10/06/2017,$ 38.83,68895160,$ 38.74,$ 38.87,$ 38.64
10/05/2017,$ 38.85,84863480,$ 38.55,$ 38.86,$ 38.51
10/04/2017,$ 38.37,80355760,$ 38.41,$ 38.47,$ 38.12
10/03/2017,$ 38.62,64867200,$ 38.50,$ 38.77,$ 38.48
10/02/2017,$ 38.45,74526160,$ 38.57,$ 38.61,$ 38.18
09/29/2017,$ 38.53,104818680,$ 38.30,$ 38.53,$ 38.00
09/28/2017,$ 38.32,87933640,$ 38.47,$ 38.57,$ 38.18
09/27/2017,$ 38.56,101609080,$ 38.45,$ 38.68,$ 38.39
09/26/2017,$ 38.29,143631080,$ 37.95,$ 38.48,$ 37.92
09/25/2017,$ 37.64,177464560,$ 37.50,$ 37.96,$ 37.29
09/22/2017,$ 37.97,186301640,$ 38.01,$ 38.07,$ 37.64
09/21/2017,$ 38.35,149400240,$ 38.95,$ 38.95,$ 38.19
09/20/2017,$ 39.02,208504960,$ 39.48,$ 39.57,$ 38.46
09/19/2017,$ 39.68,82262480,$ 39.88,$ 39.94,$ 39.61
09/18/2017,$ 39.67,112630520,$ 40.03,$ 40.13,$ 39.50
09/15/2017,$ 39.97,195384240,$ 39.62,$ 40.24,$ 39.50
09/14/2017,$ 39.57,94549240,$ 39.75,$ 39.85,$ 39.52
09/13/2017,$ 39.91,179465120,$ 39.97,$ 39.99,$ 39.48
09/12/2017,$ 40.22,286298240,$ 40.65,$ 40.99,$ 39.69
09/11/2017,$ 40.38,126027560,$ 40.13,$ 40.51,$ 39.97
09/08/2017,$ 39.66,113646960,$ 40.22,$ 40.29,$ 39.63
09/07/2017,$ 40.32,87620640,$ 40.52,$ 40.56,$ 40.09
09/06/2017,$ 40.48,86441200,$ 40.68,$ 40.75,$ 40.13
09/05/2017,$ 40.52,117967640,$ 40.94,$ 41.06,$ 40.14
09/01/2017,$ 41.01,66257360,$ 41.20,$ 41.24,$ 40.91
08/31/2017,$ 41.00,106919760,$ 40.91,$ 41.13,$ 40.87
08/30/2017,$ 40.84,108863080,$ 40.95,$ 40.97,$ 40.65
08/29/2017,$ 40.73,117804200,$ 40.03,$ 40.78,$ 40.00
08/28/2017,$ 40.37,102599560,$ 40.04,$ 40.50,$ 39.98
08/25/2017,$ 39.97,100738400,$ 39.91,$ 40.14,$ 39.82
08/24/2017,$ 39.82,79128680,$ 40.11,$ 40.19,$ 39.64
08/23/2017,$ 40.00,77507760,$ 39.77,$ 40.12,$ 39.72